Filename,Any.run URL,PID,result notes,URL,Release Date,Mod URL,Type,Hash,Search Query,Notes,size,size (MB),submission_date,total_submissions,threat,detections
1.12.2.jar,https://app.any.run/tasks/41dcca1d-2b2d-43f8-82c1-caf5bda51833,5408,,https://www.virustotal.com/gui/file/21a44763707e622d2ceca248b750bc752e5f5133d4475330eadb396d1361d00e,-,https://cheatermad.com/furiosclient-minecraft-hack/,Client,21a44763707e622d2ceca248b750bc752e5f5133d4475330eadb396d1361d00e,,,64699711,61.70,2023-03-11 6:05:14,5,,1
3arthh4ck-1.6.2-release.jar,https://app.any.run/tasks/0e38f919-96d9-496f-a4e9-0328a1fe4b0d,1436,,https://www.virustotal.com/gui/file/d2a38661c17e6ecb4be707398bbc574f1a08f4ac828ef2763d06ca6b5f2f9c25,-,https://www.youtube.com/watch?v=sJjEa9UVpK0,Cheat Client,d2a38661c17e6ecb4be707398bbc574f1a08f4ac828ef2763d06ca6b5f2f9c25,"type:jar content:""forge"" positives:5+",,7494056,7.15,2022-09-11 10:04:23,1,trojan.java,20
abHack-0.0.1-release.jar,https://app.any.run/tasks/cc67bb13-3472-48d8-8d61-a1cf79c0975c,2356,,https://www.virustotal.com/gui/file/a5529d564ea3a65aa6b786668db1793c40dd7f9b2bf41314bc525867c667df6b,a,https://www.bilibili.com/video/BV1J5411R7Gf/,Cheat Client,a5529d564ea3a65aa6b786668db1793c40dd7f9b2bf41314bc525867c667df6b,"type:jar metadata:""minecraft"" positives:5+",Possible False Positive,7878688,7.51,2023-01-15 20:24:38,2,trojan.java/genericgba,11
anna.exe,https://app.any.run/tasks/1ebaf02c-09a3-4aba-9eef-086462688258,5352,,https://www.virustotal.com/gui/file/a4ee61eedb421655ed851321fcaa774cd12e3d5d60620c02540829560ecec4cb,-,https://cheatermad.com/minecraft-aob-cheat/,Client,a4ee61eedb421655ed851321fcaa774cd12e3d5d60620c02540829560ecec4cb,,,294400,0.28,2023-06-28 12:48:08,31,,2
ArchWare.jar,https://app.any.run/tasks/6de1ee4f-7752-48f1-9382-d655490563f7,3780,,https://www.virustotal.com/gui/file/1c87cf4d7d8e84ad96d9bccd2a755eefce572aa029661a2e3aa2cbee63234f2a,-,https://cheatermad.com/minecraft-archware-hacked-client-free-download/,Client,1c87cf4d7d8e84ad96d9bccd2a755eefce572aa029661a2e3aa2cbee63234f2a,,,76601419,73.05,2021-10-02 5:27:56,2,,0
Aristois-Free.jar,https://app.any.run/tasks/63ca76f8-bcd6-4223-b26e-adf36c412b09,1020,,https://www.virustotal.com/gui/file/fbff2ebba99bfa194af533852062c6d60831c7cc3801d4af980c329721484a28,-,https://aristois.net/download,Client,fbff2ebba99bfa194af533852062c6d60831c7cc3801d4af980c329721484a28,,,6899272,6.58,2023-05-14 9:50:11,1117,,1
ATLauncher-setup-1.1.0.0.exe,https://app.any.run/tasks/1b4d2e33-f6c9-4643-b2e8-bd50d9aa6627,3816,,https://www.virustotal.com/gui/file/28272caadd4df846e1f19ca4c5932fa3ec0348f0e36a8e1395a30b2a005c7656,-,https://atlauncher.com/downloads,Client,28272caadd4df846e1f19ca4c5932fa3ec0348f0e36a8e1395a30b2a005c7656,,,2771690,2.64,2022-06-12 12:42:57,3275,,5
ATLauncher.jar,https://app.any.run/tasks/c8c4df07-f72f-4ee5-b2a7-ae27fba3fe66,616,,https://www.virustotal.com/gui/file/208c0331acf150c43b9c6424ff85446627200a6091e2847c518b4edfaa4212ae,-,https://atlauncher.com/downloads,Client,208c0331acf150c43b9c6424ff85446627200a6091e2847c518b4edfaa4212ae,,,22587176,21.54,2023-04-19 6:59:36,33,,1
Badlion Client Setup 3.16.0.exe,https://app.any.run/tasks/146f92bc-2258-45fe-b39d-3720719f175d,5400,,https://www.virustotal.com/gui/file/938f0f59b235568981600a40bf7d6b0f7d01199405729fcd1fd26c0f52c9d3c4,-,https://client.badlion.net/,Client,938f0f59b235568981600a40bf7d6b0f7d01199405729fcd1fd26c0f52c9d3c4,,,135625792,129.34,2023-06-13 1:21:10,1085,,0
Bakaxl-Launcher-All-Versions.exe,https://app.any.run/tasks/4cb22b7b-1678-4d78-916e-f2fcfa0a1451,828,,https://www.virustotal.com/gui/file/7a465ea2bf6d3c1c505c9d44fe86593e6d599bd96b2d606673afb366d77e1706,-,https://www.9minecraft.net/bakaxl-launcher/#Bakaxl_Launcher_1201_1194_Download_Links,Client,7a465ea2bf6d3c1c505c9d44fe86593e6d599bd96b2d606673afb366d77e1706,,,12335040,11.76,2022-12-18 18:44:20,22,,0
BatMod_Installer.jar,https://app.any.run/tasks/58973706-7a58-4a48-875a-b43c68ebaccb,680,,https://www.virustotal.com/gui/file/b396436bf9a4a9013fb2ecb128c0e1a81962be09b786e090fb9dedf602438237,-,https://batmod.com/download,Client,b396436bf9a4a9013fb2ecb128c0e1a81962be09b786e090fb9dedf602438237,,,817375,0.78,2022-05-21 3:42:06,1258,,0
bleachhack-1.19.4.jar,https://app.any.run/tasks/f528fefa-1414-4577-8b8f-806a147bce54,2144,,https://www.virustotal.com/gui/file/96c69c3658565fc9dada2c39d361e9061ad8c4fee1e3d62752a823e9f188b243,-,https://bleachhack.org/,Client,96c69c3658565fc9dada2c39d361e9061ad8c4fee1e3d62752a823e9f188b243,,,1180919,1.13,2023-04-03 12:43:22,137,,0
ChunkLauncher.jar,https://app.any.run/tasks/b5f0cc32-6263-4df2-b755-51fe567ceca5,1936,,https://www.virustotal.com/gui/file/67eaa1e97da7c9f15265b1bd30f6454f27ecff875b3da5fb8c874750f96f918c,-,https://github.com/herbix/chunkLauncher/releases/tag/1.10.5,Client,67eaa1e97da7c9f15265b1bd30f6454f27ecff875b3da5fb8c874750f96f918c,,,310532,0.30,2023-06-24 16:15:40,3,,0
cloudinstaller.exe,https://app.any.run/tasks/e6e3adde-0073-441f-9097-3f722067c191,1428,,https://www.virustotal.com/gui/file/908d936dfcaead65c4e67d93d3e5d9f28ef4637c822132c1d8ee865dff9ff147,-,https://github.com/cloudclientdev/cloudinstaller/releases/tag/cloudinstaller-win-v1.0.1,Client,908d936dfcaead65c4e67d93d3e5d9f28ef4637c822132c1d8ee865dff9ff147,,,155255534,148.06,2023-01-06 17:44:51,579,,0
Cosmic Client Installer.exe,https://app.any.run/tasks/433e24f4-3876-4324-8c6a-ea5aa15c3a14,2692,,https://www.virustotal.com/gui/file/d56658c16fc6f9dc2fea0db1d75663e796f5a6a00b5b7f0d4585bf5c91e25e44,-,https://cosmicclient.com/,Client,d56658c16fc6f9dc2fea0db1d75663e796f5a6a00b5b7f0d4585bf5c91e25e44,,,15386952,14.67,2023-03-10 10:22:16,168,,1
Crystal-Launcher-All-Versions-Windows.exe,https://app.any.run/tasks/10ac601a-d753-4a7b-8295-20e30585149d,7072,,https://www.virustotal.com/gui/file/7f13bb7a4b4fdab3ee99aa40599314fb2ab48f17c02736e06894c2578b3c0a36,-,https://www.9minecraft.net/crystal-launcher/,Client,7f13bb7a4b4fdab3ee99aa40599314fb2ab48f17c02736e06894c2578b3c0a36,,,1616896,1.54,2022-02-09 5:37:37,6294,,1
CurseForge Windows - Installer.exe,https://app.any.run/tasks/4058733d-7f16-4079-9850-35e76052a217,7064,,https://www.virustotal.com/gui/file/1fdee696f099acbff6bfb99fda59921d7034e8c99a91ffd81c2793cf29d26751,-,https://www.curseforge.com/download/app,Client,1fdee696f099acbff6bfb99fda59921d7034e8c99a91ffd81c2793cf29d26751,,,2118904,2.02,2023-06-28 11:03:14,5,,3
Deus x4.jar,https://app.any.run/tasks/9e227909-f74a-4eaa-aff3-c5a01da36ddb,828,,https://www.virustotal.com/gui/file/e20d095991a08e3e299620925877e163b3b636710e4edfd15d3fac2192dcb4ca,-,https://www.youtube.com/watch?v=HVGf34NtRc8,Cheat Client,e20d095991a08e3e299620925877e163b3b636710e4edfd15d3fac2192dcb4ca,"type:jar metadata:""minecraft"" positives:5+",,34080713,32.50,2021-01-03 22:04:54,4,trojan.java/genericgb,6
Dortware.jar,https://app.any.run/tasks/8a097ca2-23fb-4a6c-882f-e75d4c7f65d4,3564,error,https://www.virustotal.com/gui/file/9d3f26674f820dd8a9628aa9c1c8a9418eb8b7a3b4f6a41fd366ce2ecef8a8d1,-,https://cheatermad.com/minecraft-dortware-hack-client-2021-free-download/,Client,9d3f26674f820dd8a9628aa9c1c8a9418eb8b7a3b4f6a41fd366ce2ecef8a8d1,,,26800328,25.56,2021-07-08 14:07:39,6,,1
dotgod.cc_1.0.4.jar,https://app.any.run/tasks/3f7e42ad-a0d7-4fe6-8d76-24de27b4f7cf,4760,,https://www.virustotal.com/gui/file/0fb956c14ea5a38743e7eb34b7bff25386c9dc6ac4add54e14f82eb4cd48195e,-,https://www.youtube.com/watch?v=VyTP7koV9iw,Cheat Client,0fb956c14ea5a38743e7eb34b7bff25386c9dc6ac4add54e14f82eb4cd48195e,"type:jar content:""forge"" positives:5+",,1584842,1.51,2022-08-20 7:51:55,1,trojan.java/vpdu,7
Ellysium b1.jar,https://app.any.run/tasks/cc37d866-a61c-4c87-af48-722cdacdf558,4040,,https://www.virustotal.com/gui/file/cdc296326b313a12b2cc38c4edf11ae95da265e349d2c7631d43e8b6a0e96300,-,https://www.youtube.com/watch?v=eXYxhtd8dJY,Cheat Client,cdc296326b313a12b2cc38c4edf11ae95da265e349d2c7631d43e8b6a0e96300,"type:jar metadata:""minecraft"" positives:5+",,34081094,32.50,2021-07-02 17:49:53,2,trojan.java/genericgb,6
Epsilon3.0.jar,https://app.any.run/tasks/08095954-6177-4daa-866e-fbc07eedfe05,2248,,https://www.virustotal.com/gui/file/c3de29762080f9ee2233f8ab51d20744c2b704cd7c5a0dcbdb0c3558f5a32207,-,https://www.youtube.com/watch?v=Ce2XgFNTcao,Cheat Client,c3de29762080f9ee2233f8ab51d20744c2b704cd7c5a0dcbdb0c3558f5a32207,"type:jar metadata:""minecraft"" positives:5+",,16353251,15.60,2022-01-01 6:22:44,21,trojan.,2
ExternalCrack.jar,https://app.any.run/tasks/4fa1d0fc-c4c1-4cd7-9b7b-1fd047090afb,6620,,https://www.virustotal.com/gui/file/b1a22d29dfa78e3c13c10c5006f145a3ab000f6e2a983cae837dbdbf4a82edac,-,https://cheatermad.com/minecraft-external-hacked-client-download/,Client,b1a22d29dfa78e3c13c10c5006f145a3ab000f6e2a983cae837dbdbf4a82edac,,,1100919,1.05,2021-10-01 14:57:47,33,,0
ExtremeLauncher.exe,https://app.any.run/tasks/c3b4ed83-9b46-4a27-873b-07c940de81d2,1348,,https://www.virustotal.com/gui/file/c067cbd5a66efe3fcbc94cdfed38b3e79b375b590d68f30a20c3b8545171c521,-,https://extremelauncher.net/,Client,c067cbd5a66efe3fcbc94cdfed38b3e79b375b590d68f30a20c3b8545171c521,,,8856064,8.45,2023-06-13 19:27:23,17,,2
Feather Launcher Setup 1.5.5.exe,https://app.any.run/tasks/04d2a70c-c0f3-4b16-b39c-a0bcfb800d50,5372,,https://www.virustotal.com/gui/file/327c129fa0d9b80666eaef565d13709a82d8558f9e9d525e4eb2b6b1ded512be,-,https://feathermc.com/,Client,327c129fa0d9b80666eaef565d13709a82d8558f9e9d525e4eb2b6b1ded512be,,,112020224,106.83,2023-05-14 23:48:39,1431,,0
Flux.jar,https://app.any.run/tasks/146f92bc-2258-45fe-b39d-3720719f175d,4548,,https://www.virustotal.com/gui/file/50d4d501bd6425510066c8f23448c62d16ac666adc438f62fc372575411cd85b,-,https://www.youtube.com/watch?v=Jv4AZQojYEw,Cheat Client,50d4d501bd6425510066c8f23448c62d16ac666adc438f62fc372575411cd85b,"type:jar metadata:""minecraft"" positives:1+ (Filtered detection high to low)",,40974939,39.08,2021-12-05 14:41:53,16,trojan.disco,15
FTB-App-Installer.exe,https://app.any.run/tasks/90569fa2-51ed-4204-81b9-2669c542a26a,6484,,https://www.virustotal.com/gui/file/0f3a1e1823e15c6cd7153f416fd3d9819c10384e0e0984192ee8c3dfc02af775,-,https://www.mc-mod.net/ftb-app-launcher/#FTB_App_Launcher_1192_1182_Download_Links,Client,0f3a1e1823e15c6cd7153f416fd3d9819c10384e0e0984192ee8c3dfc02af775,,,1408864,1.34,2021-04-08 14:16:14,1733,,0
FusionWorldPixelmon-8.4.2-Installer-Pojav.jar,https://app.any.run/tasks/267e97fd-b931-4962-b989-226fae6f7d06,7004,,https://www.virustotal.com/gui/file/890ec40997af5d7e54708f2b36101f7247d9aeb4aa62db72328bf2f76e24bf43,-,https://pixel.fusionworld.it/,Mod Client,890ec40997af5d7e54708f2b36101f7247d9aeb4aa62db72328bf2f76e24bf43,"type:jar content:""forge"" positives:5+",,13086461,12.48,2022-08-21 9:01:52,1,trojan.java/genericgb,9
Future_v2.9.jar,https://app.any.run/tasks/d2169ac8-6086-4898-b47a-ee813060d6ec,320,,https://www.virustotal.com/gui/file/f2c9e08315d66f78cb197c57e202a03194424376295c52e7c83986d6d522f79e,-,https://github.com/PlutoSolutions/Future,Cheat Client,f2c9e08315d66f78cb197c57e202a03194424376295c52e7c83986d6d522f79e,"type:jar content:""forge"" positives:5+",,2391713,2.28,2022-08-29 7:53:30,2,trojan.java,10
Future.v.2.12.1.jar,https://app.any.run/tasks/1dd6ea89-a21a-4fab-a4f6-098b15012a59,6492,,https://www.virustotal.com/gui/file/f76b77e18c6fbcf41db67e2137360d1414f1753f743d04b4f421e84034f963f4,-,https://github.com/PlutoSolutions/Future,Cheat Client,f76b77e18c6fbcf41db67e2137360d1414f1753f743d04b4f421e84034f963f4,"type:jar content:""forge"" positives:5+",,2427117,2.31,2022-08-11 10:53:28,2,trojan.java/banload,20
GDLauncher-win-setup.exe,https://app.any.run/tasks/86e80e7b-edcf-4155-9833-93a0a30bea6d,4348,,https://www.virustotal.com/gui/file/9a4744a9ea6fa058995157b052e1d96b7063039ab3971ce5660fe9cc29bea7aa,-,https://gdlauncher.com/en/download/,Client,9a4744a9ea6fa058995157b052e1d96b7063039ab3971ce5660fe9cc29bea7aa,,,77443959,73.86,2023-01-29 11:44:32,1218,,0
Heaven_B2_Crack.exe,https://app.any.run/tasks/59c9ae8f-0d13-4751-828a-7a7e05dedd5e,2148,,https://www.virustotal.com/gui/file/c5f2930de01863cea74332f019553a09177e9d1c2c21343e7515b1dae08a4190,-,https://cheatermad.com/minecraft-heaven-b1-hacked-client/,Client,c5f2930de01863cea74332f019553a09177e9d1c2c21343e7515b1dae08a4190,,,55296,0.05,2022-06-19 10:15:47,60,,4
Hello-Minecraft-Launcher.jar,https://app.any.run/tasks/0f043945-f659-4fc2-836e-d93b5f582091,6056,,https://www.virustotal.com/gui/file/4de4ae5abc2c8323a21b393a0ed7dccf8dced21fcae9fdb66e40295f0cb24cc5,"Mar 17, 2023",https://www.9minecraft.net/hello-minecraft-launcher/#Hello_Minecraft_Launcher_1194_1182_Download_Links,Client,E940B2AE74E42D333ED3DBA524FE7900DE428624EB702F702D451ED4C349C3AD,,,4392642,4.19,2023-06-15 20:00:33,22,trojan.,4
Hera.jar,https://app.any.run/tasks/4138e5e1-3ce7-41fa-9d0d-d83e2584bab9,2732,error,https://www.virustotal.com/gui/file/6cebe13609880d6cc5205aa3ea7be73be2f0066e527e386951724ff73769bb65,-,https://cheatermad.com/minecraft-hack-hera-b13-1-8/,Client,6cebe13609880d6cc5205aa3ea7be73be2f0066e527e386951724ff73769bb65,,,16271934,15.52,2022-08-01 7:59:58,6,,0
HMCL-3.5.dev-810c837.jar,https://app.any.run/tasks/fe1d7b41-a989-4b51-b65c-2a0fc414ac44,3816,,https://www.virustotal.com/gui/file/310cf7eae6d22f2dd5767cc1a2fe225837d1c6f65df5d8d53c57b47ddf1ba679,-,https://github.com/huanghongxun/HMCL/releases,Mod Client,310cf7eae6d22f2dd5767cc1a2fe225837d1c6f65df5d8d53c57b47ddf1ba679,"type:jar content:""forge"" positives:5+",,4666729,4.45,2022-08-14 4:47:57,1,trojan.starter/miscx,26
huzuni.jar,https://app.any.run/tasks/fe89afde-9d48-43d0-b594-89885c2bf872,828,error,https://www.virustotal.com/gui/file/6d9a4ff149a2a97ed05940bd4ef368c26bb8faf69bac2cbca7c01ce201c0d00c,-,https://cheatermad.com/minecraft-huzuni-hack-download/,Client,6d9a4ff149a2a97ed05940bd4ef368c26bb8faf69bac2cbca7c01ce201c0d00c,,,9130834,8.71,2015-08-02 16:25:51,304,,1
Inertia Client Installer.jar,https://app.any.run/tasks/1572d3ba-05cd-439b-a715-63ce6f07dcb2,5916,,https://www.virustotal.com/gui/file/36d5c59285fabc9fab3ffa819806c865d1e6d5b90f37fc6ee926ca7540f82f76,-,https://inertiaclient.com/download%20retriever/DownloadRetriever.php?UUID=e4e03eb0-ccb2-400b-9359-2d9193ba3d5d&GetDownload=true,Client,36d5c59285fabc9fab3ffa819806c865d1e6d5b90f37fc6ee926ca7540f82f76,,,389633,0.37,2020-07-31 22:58:50,303,,0
Infinity.jar,https://app.any.run/tasks/58f2934f-fc1e-4611-bb8e-1a2ec7b7c65e,680,error,https://www.virustotal.com/gui/file/e3b0c44298fc1c149afbf4c8996fb92427ae41e4649b934ca495991b7852b855,-,https://cheatermad.com/minecraft-infinity-hack-client-combat-visuals-more/,Client,e3b0c44298fc1c149afbf4c8996fb92427ae41e4649b934ca495991b7852b855,,,112254161,107.05,2006-09-18 1:26:15,679802,,0
install-interception.exe,https://app.any.run/tasks/24d3d68f-4d82-4e10-9122-99943575c420,4304,check MAS directory,https://www.virustotal.com/gui/file/e137863a79da797f08e7a137280ff2a123809044a888fd75ce9c973198915abe,-,https://cheatermad.com/minecraft-attack-system-hack-v2-macro-for-minecraft/,Client,e137863a79da797f08e7a137280ff2a123809044a888fd75ce9c973198915abe,,,470528,0.45,2018-03-29 2:17:21,376,,1
ImpactInstaller-0.9.5.exe,https://app.any.run/tasks/022980f5-58ed-4c5a-9605-bae4ae851127,4860,,https://www.virustotal.com/gui/file-analysis/ZjUyNjBjYWI3YjM5OGU1Mjk5ODU5MDhmM2E5NWI1ZDE6MTY4Nzk4NjE0MA==,-,https://impactclient.net/download?platform=exe,Client,e7bbab88bd28ce435c770a03f5526edf6988e7464514a6c97da4586e2dff057f,,,2556635,2.44,2023-06-28 21:02:20,2,,0
jdMinecraftLauncher.exe,https://app.any.run/tasks/846504d2-6b0d-4c70-944c-c80533d0e800,3100,,https://www.virustotal.com/gui/file/ed3e50e8327db9b3b5caef41b0a078469dbb832f82b5590c0542aeb1dc09364b,-,https://www.9minecraft.net/jdminecraftlauncher/#jdMinecraftLauncher_1201_1194_Download_Links,Client,ed3e50e8327db9b3b5caef41b0a078469dbb832f82b5590c0542aeb1dc09364b,,,1632522,1.56,2023-03-12 20:42:54,,,4
Jello.jar,https://app.any.run/tasks/b1fceb5c-8b68-43bb-8868-8fd79863e136,2128,,https://www.virustotal.com/gui/file/4fcf838fd2fecdcff3cb2f57e60a79c59a25e86d4d766b2ae9e93a2fd0c011c8,-,https://www.youtube.com/watch?v=ki4Ya2Y6n8s,Cheat Client,4fcf838fd2fecdcff3cb2f57e60a79c59a25e86d4d766b2ae9e93a2fd0c011c8,"type:jar content:""forge"" positives:5+",,25568906,24.38,2022-08-18 10:47:56,6,trojan.java/genericgb,11
KLauncher-Installer.exe,https://app.any.run/tasks/69a377cf-4cc9-4fe4-810f-07c6b98a7ce6,4348,,https://www.virustotal.com/gui/file/f6fb43e95f56bd747dbb75f63c520e8e9bfc8ddc6d9205180f4083fb0e999184,-,https://www.9minecraft.net/klauncher/#Klauncher_1201_1194_Download_Links,Client,f6fb43e95f56bd747dbb75f63c520e8e9bfc8ddc6d9205180f4083fb0e999184,,,8806632,8.40,2022-12-08 7:43:46,3043,,0
Konas-b1-release.jar,https://app.any.run/tasks/bfa23dd8-9800-4825-ab83-516d4068d9fc,7028,,https://www.virustotal.com/gui/file/6771c6e20933f34bd5392eaf006b406004964a614bc15146006f8efaf98178d1,-,https://konasclient.com/,Cheat Client,6771c6e20933f34bd5392eaf006b406004964a614bc15146006f8efaf98178d1,"type:jar content:""fabric"" positives:5+",,11326708,10.80,2022-11-09 13:28:46,2,java,7
LabyMod3_Installer.jar,https://app.any.run/tasks/1398ce1a-3d58-4342-8ddc-e880a5ba7fae,6120,,https://www.virustotal.com/gui/file/32fa0240eff609ed0ca082e0f4bc167527cbc928df0dc5dc02e679f9ef3ab4df,-,https://www.labymod.net/en/download,Client,32fa0240eff609ed0ca082e0f4bc167527cbc928df0dc5dc02e679f9ef3ab4df,,,1305825,1.25,2022-11-11 7:09:10,698,,0
Launcher-Fenix-All-Versions-Universal.jar,https://app.any.run/tasks/e575d0c4-97ce-4f36-b142-263536f744f8/,6268,,https://www.virustotal.com/gui/file/e7b3db67c5b22fb6175be7299d1ad622d6183210d212ca3ce464292b627400f1,"Dec 6, 2022",https://www.9minecraft.net/launcher-fenix/,Client,E7B3DB67C5B22FB6175BE7299D1AD622D6183210D212CA3CE464292B627400F1,,,66686,0.06,2021-05-30 20:59:15,3292,,0
LegacyLauncher_Installer_legacy.exe,https://app.any.run/tasks/a3974768-7d43-4257-84d4-c009870f2928,3512,DUPLICATE,https://www.virustotal.com/gui/file/a7c997ba3c3e91c048f80f96f08754948428f6d3fe4001bab79c4ae09d06c5e0,-,https://llaun.ch/en,Client,a7c997ba3c3e91c048f80f96f08754948428f6d3fe4001bab79c4ae09d06c5e0,,,117751681,112.30,2023-06-08 13:03:51,10605,,1
LegendLine b032.jar,https://app.any.run/tasks/61eb6ada-434a-42b4-9bcb-024e26a49ffa,6408,error,https://www.virustotal.com/gui/file/d85db56d210493c5157d6c2a829b9eba47a3235fad7fe38595cfeb9658221039,-,https://www.youtube.com/watch?v=o9f2QXO0BjY,Cheat Client,d85db56d210493c5157d6c2a829b9eba47a3235fad7fe38595cfeb9658221039,"type:jar content:""forge"" positives:5+",,25208301,24.04,2022-08-17 6:12:55,5,trojan.java/genericgb,8
LiquidBounce1.12.2.jar,https://app.any.run/tasks/00dc9273-d22a-4508-8559-7dd2f46404a6,2040,,https://www.virustotal.com/gui/file/c4d4c9afd4384eb32b385dd3cd91b9964aa2b1d955e19a010d1d743c24232b42,-,https://cheatermad.com/minecraft-liquidbounce-1-8-9-forge/,Client,c4d4c9afd4384eb32b385dd3cd91b9964aa2b1d955e19a010d1d743c24232b42,,,7582798,7.23,2021-05-25 8:55:46,279,,0
LiquidBounce1.8.9.jar,https://app.any.run/tasks/22ff0dd4-9c12-4962-ba5f-d94b3225276d,5184,,https://www.virustotal.com/gui/file/af0cf1f38f6ad0cb9b22a3ebe8560f323112947f3232e09b41c00626db8aaf86,-,https://cheatermad.com/minecraft-liquidbounce-1-8-9-forge/,Client,af0cf1f38f6ad0cb9b22a3ebe8560f323112947f3232e09b41c00626db8aaf86,,,6450545,6.15,2020-06-06 11:09:22,78,,2
LiquidLauncher_0.1.6_x64_en-US.msi,https://app.any.run/tasks/28de23a3-e0d1-4756-8ae1-d6dfc1bc7d2b,6684,,https://www.virustotal.com/gui/file/7e19479850980922e03c3723f166bf86e42d7a050ba5da0d8923c70d61fca359?nocache=1,-,https://dl.ccbluex.net/download/znLeDtrDuf,Client,7e19479850980922e03c3723f166bf86e42d7a050ba5da0d8923c70d61fca359,,,6546063,6.24,2023-06-28 17:22:00,1,,0
Lunar Client v2.15.1.exe,https://app.any.run/tasks/e8e4b254-1909-4855-98ea-f0527a595342,4348,,https://www.virustotal.com/gui/file/183c1ce5ac789cdd12e75554804dc4a1f635eb5f7d239eccd987475afa82aaf6,-,https://www.lunarclient.com/download,Client,183c1ce5ac789cdd12e75554804dc4a1f635eb5f7d239eccd987475afa82aaf6,,,772736,0.74,2022-12-02 13:42:28,9576,,0
Magic-Launcher-All-Versions-Windows-Mac-Linux.jar,https://app.any.run/tasks/d2518077-9774-44b6-9600-51c2e9bee932,3356,,https://www.virustotal.com/gui/file/04cf05a15729c7511d0975951d8357acc8873885b190e419fb30bd3e3d54ed9f,2018,https://www.9minecraft.net/magic-launcher/,Client,04cf05a15729c7511d0975951d8357acc8873885b190e419fb30bd3e3d54ed9f,,,368300,0.35,2016-11-01 9:15:20,31,,0
McClayne v4.jar,https://app.any.run/tasks/f133562d-00ba-400f-81f3-fa9af10afdc2,6104,,https://www.virustotal.com/gui/file/52e660355554205711910aed7d73fbd51c0226faebe5354e594daecb7d0171fc,-,https://www.youtube.com/watch?v=CF3rgLth3jQ,Cheat Client,52e660355554205711910aed7d73fbd51c0226faebe5354e594daecb7d0171fc,"type:jar metadata:""minecraft"" positives:5+",,34355515,32.76,2020-09-28 12:07:42,2,trojan.java/genericgb,5
MCV1.18.1.jar,https://app.any.run/tasks/717817cf-ca78-453e-8266-fd5de1fe16e6,7092,,https://www.virustotal.com/gui/file/fc5c2aee7e14909806655cc8b03770587e5eae140cb279688db36112d9171661,-,https://cheatermad.com/minecraft-mclient-hack/,Client,fc5c2aee7e14909806655cc8b03770587e5eae140cb279688db36112d9171661,,,94271435,89.90,2023-01-14 6:28:41,18,,0
meteor-client-0.5.3.jar,https://app.any.run/tasks/2695e87a-18b2-4c88-98ac-e3bba8cbd4dc,3040,,https://www.virustotal.com/gui/file/41eaf9830352b6dd0fdbe9e8007445ff90b96fccc44005db84d5200f8a7ce0e9,-,https://meteorclient.com/,Client,41eaf9830352b6dd0fdbe9e8007445ff90b96fccc44005db84d5200f8a7ce0e9,,,5059335,4.82,2023-06-09 17:36:52,637,,0
MightB16.jar,https://app.any.run/tasks/52cb524e-c140-4b31-a2e9-5f62981b2e79,7064,,https://www.virustotal.com/gui/file/844bb0fd8bc217622e841204d57237c83525d6390bfb3c2678de0bb6daec7ce0,-,https://www.minecraft.net/en-us/download,?Cheat Client,844bb0fd8bc217622e841204d57237c83525d6390bfb3c2678de0bb6daec7ce0,"type:jar metadata:""minecraft"" positives:5+",,19246668,18.36,2021-01-26 9:44:02,2,trojan.java/genericgb,8
MinecraftInstaller.exe,https://app.any.run/tasks/efb53cb7-1029-4307-ab8a-0f3bfdfe63bc,4764,,https://www.virustotal.com/gui/file/df166846ab3a86b2a797e81ee48377ee5dfb8a2f3091e6344816cfd63316e72b,-,https://www.minecraft.net/en-us/download,Client,df166846ab3a86b2a797e81ee48377ee5dfb8a2f3091e6344816cfd63316e72b,,,33794456,32.23,2023-06-01 4:48:23,3600,,0
MultiMC.exe,https://app.any.run/tasks/e6779252-7f6c-4ffe-910f-1a6c17f8212c,4376,,https://www.virustotal.com/gui/file/1270bdb5e8954badd8bd2871623be85960389b9717ae8a144816bc16574e5be9,-,https://multimc.org/#Download,Client,1270bdb5e8954badd8bd2871623be85960389b9717ae8a144816bc16574e5be9,,,9233729,8.81,2022-06-09 22:27:42,,,0
Monsoon.jar,https://app.any.run/tasks/0eb0234f-2ece-4322-8807-53e5366ba343,6376,,https://www.virustotal.com/gui/file/0c84a2836e66f70b7c478d562bf5cdfc1265cb9858d848585b78bcb18aafef1c,-,https://www.youtube.com/watch?v=BBVNi5QWzSg,Cheat Client,0c84a2836e66f70b7c478d562bf5cdfc1265cb9858d848585b78bcb18aafef1c,"type:jar metadata:""minecraft"" positives:5+",,35443958,33.80,2022-04-10 7:48:11,4,trojan.java/genericgba,5
NewHelpSense.jar,https://app.any.run/tasks/9cc073e3-8e1e-41fc-a567-e569c8757b41,3964,,https://www.virustotal.com/gui/file/076ecc88e8b641caf8a55647c678c04dc61e7a436f3e7fae3b821bf7581c5ed7,-,https://www.youtube.com/watch?v=4nVtnFpf55g,Cheat Client,076ecc88e8b641caf8a55647c678c04dc61e7a436f3e7fae3b821bf7581c5ed7,"type:jar metadata:""minecraft"" positives:5+",,103200692,98.42,2022-10-24 8:01:06,6,lazy,9
Novoline.jar,https://app.any.run/tasks/b35ca346-7eb0-444d-b61b-25297650f560,6712,,https://www.virustotal.com/gui/file/005af654656a8e1034947b205bcf982965b23bed097f6ade68e1a9972a883aec,-,https://www.youtube.com/watch?v=hpbwpcXVIdg,Cheat Client,005af654656a8e1034947b205bcf982965b23bed097f6ade68e1a9972a883aec,"type:jar metadata:""minecraft"" positives:5+",,128109932,122.18,2021-12-02 5:02:40,106,,6
OsiumClient.jar,https://app.any.run/tasks/21594a87-ddb9-4291-bf81-5aa6bf909d7a,3844,,https://www.virustotal.com/gui/file/dc005210612516f55303f0b7a4909537e4ea7851c11e59db0961ec24c51b45e4,-,https://cheatermad.com/minecraft-osium-hack-client/,Client,dc005210612516f55303f0b7a4909537e4ea7851c11e59db0961ec24c51b45e4,,,70856993,67.57,2022-08-11 9:55:56,30,,1
OyVey-rewrite-0.0.3-release.jar,https://app.any.run/tasks/a422aa56-2c4c-4a2e-b89e-f35ee637fd3a,6336,,https://www.virustotal.com/gui/file/0693c9e4c472919ecd71993e597b182662a151fa565a12d85fce414761bafed4,-,https://www.youtube.com/watch?v=Ljj8SrtOzJ8,Cheat Client,0693c9e4c472919ecd71993e597b182662a151fa565a12d85fce414761bafed4,"type:jar metadata:""minecraft"" positives:5+",,1525242,1.45,2020-10-23 12:42:56,13,trojan.java/genericgb,7
Penumbra Launcher.jar,https://app.any.run/tasks/7130916e-3b64-4dec-a71e-efe6918517a3,4284,,https://www.virustotal.com/gui/file/489e46309b0372001ea0df89596b4fe54278168c026a396914fc07d7662e15cd,-,https://cheatermad.com/minecraft-penumbra-cheat-client-launcher/,Client,489e46309b0372001ea0df89596b4fe54278168c026a396914fc07d7662e15cd,,,1049898,1.00,2021-07-22 18:18:29,27,,1
PixelClient.jar,https://app.any.run/tasks/b9d3976a-3664-4f5f-af6f-ee6545f8ee11,5344,,https://www.virustotal.com/gui/file/d4f0ed3c3d655e243acd7f9a3f0462232f33e33b9fcba323b44ca2a8dedf089b,-,https://dl4.9minecraft.net/index.php?act=dl&id=1655723083,Client,d4f0ed3c3d655e243acd7f9a3f0462232f33e33b9fcba323b44ca2a8dedf089b,,,8901703,8.49,2018-03-01 2:41:26,101,,0
plasmoware.exe,https://app.any.run/tasks/3acf1453-2f1b-4860-a478-73381be5b373,6816,,https://www.virustotal.com/gui/file/5f005bfdf06d6c5dbb39ee01b736d81e856b6bc090bd03d9936c4106bf347595,-,https://cheatermad.com/plasmoware-minecraft-auto-clicker-hack-2022/,Client,5f005bfdf06d6c5dbb39ee01b736d81e856b6bc090bd03d9936c4106bf347595,,,1063936,1.01,2022-12-04 10:45:14,34,trojan.,19
PolyMC-Windows-Setup-5.1.exe,https://app.any.run/tasks/b642292a-916c-4ed0-ab5a-228bee5f7672,4860,,https://www.virustotal.com/gui/file/c7a9f91b4cf7bfd20eef0354bda8cbca5048345f09957940d7017282ba9657a7,-,https://polymc.org/download/,Client,c7a9f91b4cf7bfd20eef0354bda8cbca5048345f09957940d7017282ba9657a7,,,36921579,35.21,2023-02-19 20:34:40,396,,1
PrismLauncher-Windows-MSVC-Setup-7.1.exe,https://app.any.run/tasks/e1b8f216-81ce-41a2-8001-a2ce6953d7a3,588,,https://www.virustotal.com/gui/file/f6ee0c2471e07df4405a8ab9a13722bee3df9c42c864d4f34c809688c109114b,-,https://prismlauncher.org/download/,Client,f6ee0c2471e07df4405a8ab9a13722bee3df9c42c864d4f34c809688c109114b,,,17346768,16.54,2023-06-16 6:49:10,803,,0
PvPLounge-Client-Setup-All-Versions.exe,https://app.any.run/tasks/d0b7b161-cbe1-441d-9216-d02e11b8be91,1432,,https://www.virustotal.com/gui/file/df7039a8564a8b72a755b1f22c3e2ed3360363100a38ae241d21b6943c50563f,-,https://www.browsewithgx.com/?tl=deebcards-themier.com&btn=2&imp=0&cep=SkirepdywYSzyARpw1vTIIOBysHnL8GizSLbY0KWAxz68xCIiccKQLWlqTJgRFDPLrFaWD6VW7MgXgeL0FeWolQ4IXkylAcAYywsrXDTXoFIylYkAqRZ97LJEbw6o2p2NKUQuA2jcf6v4sWbqcgUo3NLOYQRijEG6YiCMqklyIRFSagq2gZU9Yfk2nt0PeHggPdBXHDUQfxAmMu6PESRqGv5r9RW5H8IMfcuCXGZAdzWUAxwhEm2TWQKLKnzH4x7GhJIVUSdedOUKMCiK5AOCSSNWwc2Nt1QD2Lk7Tz-Kg6vMPYPq8QGoohKvl8wLz_313q5vmpWXiELBaDjMj8tPr4P2V1Bx9ZDRlYQf8j_XpOXoDKPhH3WcY9nQQr2OWr3Jt8b26Odkc6Bv72Au3fUEjOR8Pgd1HUL8u2kLAuQ018&lptoken=16bc87d899a265ad5654&site=35118&banner=Opera+GX+-+Popunder&ntk=39a,Client,df7039a8564a8b72a755b1f22c3e2ed3360363100a38ae241d21b6943c50563f,,,52952960,50.50,2022-01-10 15:52:11,223,,0
Rockstar Free.jar,https://app.any.run/tasks/3f10a6f3-4f11-49d4-8965-9f029e52a466,5788,,https://www.virustotal.com/gui/file/c3f7cc105d50710ccc2e0e687638ec290f29bb98b4fc184a8cd8b2980fd41692,-,https://cheatermad.com/rockstar-minecraft-hack-client/,Client,c3f7cc105d50710ccc2e0e687638ec290f29bb98b4fc184a8cd8b2980fd41692,,,89246209,85.11,2022-10-29 8:33:45,19,,0
Rose1.12.2 B1.jar,https://app.any.run/tasks/b23d7ef2-4275-48db-992b-0f88ef0643f6/,6492,,https://www.virustotal.com/gui/file/2768eb29ede7c6cf384e4ba2078bc0c10bb8d97e8acbcdfa61191ef475449e25,-,https://www.youtube.com/watch?v=nOswvXcqAY0,Cheat Client,2768eb29ede7c6cf384e4ba2078bc0c10bb8d97e8acbcdfa61191ef475449e25,"type:jar metadata:""minecraft"" positives:5+",,31390807,29.94,2023-01-02 19:20:45,1,java/expl,5
Rusherhack.jar,https://app.any.run/tasks/4f7c0c44-eab6-4b59-a0b7-aefcd71dca1d,4776,,https://www.virustotal.com/gui/file/fac6c18b2837a22303385032839f305a6b893b3f8b4b9f93ef4c4813b4b24fdb,-,https://www.youtube.com/watch?v=nWNO5lPmJJk,Cheat Client,fac6c18b2837a22303385032839f305a6b893b3f8b4b9f93ef4c4813b4b24fdb,"type:jar metadata:""minecraft"" positives:5+",,7173511,6.84,2022-04-30 5:21:32,2,trojan.java/genericgba,6
Rusherhack1.2.3-2-1_1.jar,https://app.any.run/tasks/3a0620e9-12fc-474a-ba1a-93a07bc39a2d,6336,,https://www.virustotal.com/gui/file/ac3c5c624f2009ee09cff4c742309bc7c2dd6256e109815f58095f38b4b138e3,-,https://www.youtube.com/watch?v=nWNO5lPmJJk,Cheat Client,ac3c5c624f2009ee09cff4c742309bc7c2dd6256e109815f58095f38b4b138e3,"type:jar metadata:""minecraft"" positives:1+ (Filtered detection high to low)",,7147064,6.82,2022-07-11 11:35:44,13,trojan.java/banload,20
Salwyrr-Client-Launcher-All-Versions.jar,https://app.any.run/tasks/63016758-7a44-4b6f-8457-5e13543a90d3,6268,,https://www.virustotal.com/gui/file/f018c09f5f093f5aa02fe54efb36d2c79382da298bdd16731f22a51ad69bf240,"Dec 7, 2022",https://www.9minecraft.net/salwyrr-client-launcher/#Salwyrr_Client_Launcher_1194_1182_Download_Links,Client,f018c09f5f093f5aa02fe54efb36d2c79382da298bdd16731f22a51ad69bf240,,,827262,0.79,2022-08-10 6:19:34,1549,,1
Shiginima-Launcher-All-Versions-MAC-Linux.jar,https://app.any.run/tasks/57f6ea53-dab5-4e91-8e4a-99b7d1aadfac,3684,,https://www.virustotal.com/gui/file/03a94acfb2387dea60af8678e3bd802f78da01cddc18d9643173d3a19337de8b,"Dec 6, 2022",https://www.9minecraft.net/shiginima-launcher/#Shiginima_Launcher_1194_1182_Download_Links,Client,03a94acfb2387dea60af8678e3bd802f78da01cddc18d9643173d3a19337de8b,,,5669059,5.41,2020-01-31 18:04:50,977,,1
Sigma5.jar,https://app.any.run/tasks/ea65e14d-5222-4a44-9b16-b8a4c6cfb09c,5112,,https://www.virustotal.com/gui/file/30ddd651b5a776f1ffde6ca5d041e7eeca8ba7e0e4c8a1e4d73c69e74339e6b9,-,https://minecrafthax.org/index.php?do=download&id=206,Client,30ddd651b5a776f1ffde6ca5d041e7eeca8ba7e0e4c8a1e4d73c69e74339e6b9,,,5393,0.01,2020-03-28 10:35:43,400,,0
SKlauncher-Universal-All-Versions.jar,https://app.any.run/tasks/45d7ecf2-cc02-4fcc-a5af-7b4a1e34f1b0,2932,,https://www.virustotal.com/gui/file/8e6e1ef6f434b852fc05466556780a3c2ff30da26161acc060d54e5c6b217a32,"Feb 13, 2023",https://www.9minecraft.net/sklauncher/,Client,8e6e1ef6f434b852fc05466556780a3c2ff30da26161acc060d54e5c6b217a32,,,1081886,1.03,2023-06-01 20:26:53,566,,0
Skyclient-Universal-Installer-2.0.4.jar,https://app.any.run/tasks/ea2b7baa-ff0d-4a42-8273-1c1853a821d3,4040,,https://www.virustotal.com/gui/file/f2694c99db103017d1c96305a650c949d4e4c9a2175d2118f1c28f2dc19b17bb,"Dec 6, 2022",https://github.com/SkyblockClient/SkyClient-Installer-Java/releases,Client,f2694c99db103017d1c96305a650c949d4e4c9a2175d2118f1c28f2dc19b17bb,,,4150543,3.96,2022-12-06 19:34:38,161,,1
slauncher.exe,https://app.any.run/tasks/bbe8a7b3-5f17-4f99-9025-b76a56309884,1816,,https://www.virustotal.com/gui/file/d253527d4ffb2b17c3261c231b85dc38f8039d4af6fd81a7c047998f1a30c227,-,https://mc-pc.net/ssfile-1186,Client,d253527d4ffb2b17c3261c231b85dc38f8039d4af6fd81a7c047998f1a30c227,,,4182355,3.99,2017-07-10 1:17:39,28,,0
Summer v3.jar,https://app.any.run/tasks/bb8f863e-5724-4f0b-bfec-5a6f0598c8d9,6756,,https://www.virustotal.com/gui/file/5f45970106a1116099ddbbef550e20e255de76429c9a35383b689a194f47cd9d,-,https://www.youtube.com/watch?v=cq_cm8wWMB4,Cheat Client,5f45970106a1116099ddbbef550e20e255de76429c9a35383b689a194f47cd9d,"type:jar metadata:""minecraft"" positives:5+",,27498582,26.22,2021-01-29 18:25:09,5,trojan.java/genericgb,11
TechnicLauncher.exe,https://app.any.run/tasks/fd489172-be96-4a25-adeb-93b682a1665a,5708,,https://www.virustotal.com/gui/file/52f6e0e318673a3bfe5b539882b3a652a0624f4b1a33d7a5784f74826e9eb7c7,"Dec 6, 2022",https://www.technicpack.net/download,Client,52f6e0e318673a3bfe5b539882b3a652a0624f4b1a33d7a5784f74826e9eb7c7,,,7025260,6.70,2023-06-07 20:00:52,239,,1
ThunderHack+-Client-Forge-1.12.2.jar,https://app.any.run/tasks/87628417-c700-4bd8-ba79-0be1c9d69ad2,6332,,https://www.virustotal.com/gui/file/aa7205e0432739efa88467980cc7cfe4c3ac4d31bc0552f1400cb6774c80d2e8,-,https://cheatermad.com/minecraft-client-thunderhack/,Client,aa7205e0432739efa88467980cc7cfe4c3ac4d31bc0552f1400cb6774c80d2e8,,,4676228,4.46,2023-02-05 6:30:28,165,banload/java,3
Titan-Launcher-All-Versions-MAC-Linux.jar,https://app.any.run/tasks/83d12819-02fd-4c60-b166-6a3841a86fb2,2056,,https://www.virustotal.com/gui/file/692e5c847d951c94ee4982d8a2ca6f45eb479974d1415fc693b532ca344d2f8e,"Dec 6, 2022",https://www.9minecraft.net/titan-launcher/#Titan_Launcher_1194_1182_Download_Links,Client,692e5c847d951c94ee4982d8a2ca6f45eb479974d1415fc693b532ca344d2f8e,,,4810306,4.59,2022-02-09 11:01:55,277,,2
Tlauncher-MAC-Linux.jar,https://app.any.run/tasks/f8fb41df-83c9-49f4-b71a-b1620cd43780,6284,,https://www.virustotal.com/gui/file/2aa3ffe43b17196b2c22c0fad478593b04906c44c57cbf541c2f652c2f7e9296,"May 2, 2023",https://www.9minecraft.net/tlauncher/,Client,2aa3ffe43b17196b2c22c0fad478593b04906c44c57cbf541c2f652c2f7e9296,,,6948184,6.63,2023-05-10 11:11:36,496,,0
VapeLauncherRipz.exe,https://app.any.run/tasks/ff8d7075-b262-4192-b514-e012ec200088,904,error,https://www.virustotal.com/gui/file/c07d03046de0a2a9bf096c8c835780f53e0a60a223fab5b7734eb64d8ef3bd88,-,https://cheatermad.com/minecraft-free-vape-v4-cheat-client/,Client,c07d03046de0a2a9bf096c8c835780f53e0a60a223fab5b7734eb64d8ef3bd88,,,2490368,2.38,2023-06-23 9:59:20,16,trojan.darkkomet/redline,39
Vioma.jar,https://app.any.run/tasks/6c05c450-34be-4044-8d93-efc1b6bd0edc,1492,,https://www.virustotal.com/gui/file/0c791c1b2930ebbdd3b8e800420ce0b8ef5b35221ed2d1f384762f3194b4b818,-,https://www.youtube.com/watch?v=wpo454KcbfI,Cheat Client,0c791c1b2930ebbdd3b8e800420ce0b8ef5b35221ed2d1f384762f3194b4b818,"type:jar metadata:""minecraft"" positives:5+",-,28617996,27.29,2019-07-19 4:08:40,4,trojan.java/genericgb,8
VLauncher_1.1.19_Windows.exe,https://app.any.run/tasks/9b9ce325-8b5b-4730-934f-e5eefec8aee5,6568,,https://www.virustotal.com/gui/file/461b8dc55a0923ec0ada54e19322d4b68ba21b067d2f067cd5dcd85a71f52f9c,-,https://github.com/Kron4ek/minecraft-vortex-launcher/releases/tag/1.1.19,Client,461b8dc55a0923ec0ada54e19322d4b68ba21b067d2f067cd5dcd85a71f52f9c,,,579072,0.55,2022-12-20 3:53:20,258,trojan.,17
Voids-Wrath-Launcher-Cross-Platform.jar,https://app.any.run/tasks/87683ccc-83d7-47ca-8e39-61ef96d79eb8,4988,,https://www.virustotal.com/gui/file/266afde89ef5ec956593a6b82be21acdd0a920fc72900b6dd7d5257adcc31668,"June 15, 2022",https://www.9minecraft.net/voids-wrath-launcher/,Client,266afde89ef5ec956593a6b82be21acdd0a920fc72900b6dd7d5257adcc31668,,,21541146,20.54,2022-07-28 4:40:36,20,,0
Wurst-Client-v7.35.1-MC1.20.1.jar,https://app.any.run/tasks/6cddd4a1-f940-445a-9e11-eb7c9c6e5a8e,1432,,https://www.virustotal.com/gui/file/5b44a8f108ccdaa98dba213359705aa585d21bf9d1f2079083eab961285f7d39,-,https://www.wurstclient.net/updates/wurst-7-35-1/?mc=1.20.1,Client,5b44a8f108ccdaa98dba213359705aa585d21bf9d1f2079083eab961285f7d39,,,1668722,1.59,2023-06-12 13:12:00,500,,0
X Minecraft Launcher.exe,https://app.any.run/tasks/2a02687d-4977-4107-8cef-f362a192f7d5,6492,,https://www.virustotal.com/gui/file/88ebc607acb2b10a5bc78366477ab5ee256074ed38b32783a6248054f4af1a94/details,-,https://www.9minecraft.net/x-minecraft-launcher/#X_Minecraft_Launcher_1201_1194_Download_Links,Client,88ebc607acb2b10a5bc78366477ab5ee256074ed38b32783a6248054f4af1a94,,,154426200,147.27,2023-02-17 21:53:28,,,1
xulu.v1.5.2.deobf.jar,https://app.any.run/tasks/d0d64744-ec68-44c2-a1c7-6bccd6a039ec,6336,,https://www.virustotal.com/gui/file/8b161a4c4d09d5bce2d046f60bf6d4ad2ef5b86d2c107300697d3fbb1918a311,-,https://www.youtube.com/watch?v=m1zq9Hl864A,Cheat Client,8b161a4c4d09d5bce2d046f60bf6d4ad2ef5b86d2c107300697d3fbb1918a311,"type:jar name:""forge"" positives:5+",,8381032,7.99,2020-11-01 17:05:25,160,trojan.java/genericgba,14