Zip File Name,URL,Filename,MC Version,Release Date,Mod URL,Type,Hash,Search Query,Notes,size,size (MB),submission_date,total_submissions,threat,detections
9112737973.zip,https://www.virustotal.com/gui/file/0c791c1b2930ebbdd3b8e800420ce0b8ef5b35221ed2d1f384762f3194b4b818,Vioma.jar,,,https://www.youtube.com/watch?v=wpo454KcbfI,Cheat Client,0c791c1b2930ebbdd3b8e800420ce0b8ef5b35221ed2d1f384762f3194b4b818,"type:jar metadata:""minecraft"" positives:5+",-,28617996,28.62,2019-07-19 4:08:40,4,trojan.java/genericgb,8
9106599335.zip,https://www.virustotal.com/gui/file/52e660355554205711910aed7d73fbd51c0226faebe5354e594daecb7d0171fc,McClayne v4.jar,,,https://www.youtube.com/watch?v=CF3rgLth3jQ,Cheat Client,52e660355554205711910aed7d73fbd51c0226faebe5354e594daecb7d0171fc,"type:jar metadata:""minecraft"" positives:5+",,34355515,34.36,2020-09-28 12:07:42,2,trojan.java/genericgb,5
9106599335.zip,https://www.virustotal.com/gui/file/0693c9e4c472919ecd71993e597b182662a151fa565a12d85fce414761bafed4,OyVey-rewrite-0.0.3-release.jar,,,https://www.youtube.com/watch?v=Ljj8SrtOzJ8,Cheat Client,0693c9e4c472919ecd71993e597b182662a151fa565a12d85fce414761bafed4,"type:jar metadata:""minecraft"" positives:5+",,1525242,1.53,2020-10-23 12:42:56,13,trojan.java/genericgb,7
9118888872.zip,https://www.virustotal.com/gui/file/8b161a4c4d09d5bce2d046f60bf6d4ad2ef5b86d2c107300697d3fbb1918a311,xulu.v1.5.2.deobf.jar,,,https://www.youtube.com/watch?v=m1zq9Hl864A,Cheat Client,8b161a4c4d09d5bce2d046f60bf6d4ad2ef5b86d2c107300697d3fbb1918a311,"type:jar name:""forge"" positives:5+",,8381032,8.38,2020-11-01 17:05:25,160,trojan.java/genericgba,14
9106599335.zip,https://www.virustotal.com/gui/file/48dcc94c5d842aa4e71933669bb88b507c0367899e7d01eaf50e0c8aff4742e0,SCP.jar,,,,,48dcc94c5d842aa4e71933669bb88b507c0367899e7d01eaf50e0c8aff4742e0,"type:jar metadata:""minecraft"" positives:5+",,42675331,42.68,2021-01-02 21:42:25,2,trojan.java/genericgb,7
9097498669.zip,https://www.virustotal.com/gui/file/e20d095991a08e3e299620925877e163b3b636710e4edfd15d3fac2192dcb4ca,Deus x4.jar,,,https://www.youtube.com/watch?v=HVGf34NtRc8,Cheat Client,e20d095991a08e3e299620925877e163b3b636710e4edfd15d3fac2192dcb4ca,"type:jar metadata:""minecraft"" positives:5+",,34080713,34.08,2021-01-03 22:04:54,4,trojan.java/genericgb,6
9122657889.zip,https://www.virustotal.com/gui/file/844bb0fd8bc217622e841204d57237c83525d6390bfb3c2678de0bb6daec7ce0,MightB16.jar,,,,?Cheat Client,844bb0fd8bc217622e841204d57237c83525d6390bfb3c2678de0bb6daec7ce0,"type:jar metadata:""minecraft"" positives:5+",,19246668,19.25,2021-01-26 9:44:02,2,trojan.java/genericgb,8
9093509023.zip,https://www.virustotal.com/gui/file/5f45970106a1116099ddbbef550e20e255de76429c9a35383b689a194f47cd9d,Summer v3.jar,,,https://www.youtube.com/watch?v=cq_cm8wWMB4,Cheat Client,5f45970106a1116099ddbbef550e20e255de76429c9a35383b689a194f47cd9d,"type:jar metadata:""minecraft"" positives:5+",,27498582,27.50,2021-01-29 18:25:09,5,trojan.java/genericgb,11
9106599335.zip,https://www.virustotal.com/gui/file/ec07995ffd14bd595bb1c941f8659764edeefa292ee76bffebbca7a6e1adb04c,boliviaxzff_1_1.jar,,,,Forge hack?,ec07995ffd14bd595bb1c941f8659764edeefa292ee76bffebbca7a6e1adb04c,"type:jar metadata:""minecraft"" positives:5+",Liquid bounce,6433155,6.43,2021-02-04 13:05:28,4,trojan.java/genericgba,8
9122657889.zip,https://www.virustotal.com/gui/file/64ea314b1558c46e9efc5152a592716d31e29fc94fea37f7b81fea854a320ff4,C69Bounce.jar,,,,,64ea314b1558c46e9efc5152a592716d31e29fc94fea37f7b81fea854a320ff4,"type:jar metadata:""minecraft"" positives:5+",,6395586,6.40,2021-07-02 7:41:33,2,trojan.java/genericgba,8
9093509023.zip,https://www.virustotal.com/gui/file/cdc296326b313a12b2cc38c4edf11ae95da265e349d2c7631d43e8b6a0e96300,Ellysium b1.jar,,,https://www.youtube.com/watch?v=eXYxhtd8dJY,Cheat Client,cdc296326b313a12b2cc38c4edf11ae95da265e349d2c7631d43e8b6a0e96300,"type:jar metadata:""minecraft"" positives:5+",,34081094,34.08,2021-07-02 17:49:53,2,trojan.java/genericgb,6
9093509023.zip,https://www.virustotal.com/gui/file/e947a0ed51d1cf089415f5ff3081dd05beb952bbb3e6ca0209bdc9ce947c1e5f,ZeroTwoOBF.jar,,,,,e947a0ed51d1cf089415f5ff3081dd05beb952bbb3e6ca0209bdc9ce947c1e5f,"type:jar metadata:""minecraft"" positives:5+",,42362806,42.36,2021-08-01 5:42:49,3,trojan.java/genericgb,7
9114648692.zip,https://www.virustotal.com/gui/file/f7ff33bd8319632bd8928730d8b2bdbacc92dc211a141cfcff20e3ecf02f0c75,NordLand_1.temp.jar,,,,,f7ff33bd8319632bd8928730d8b2bdbacc92dc211a141cfcff20e3ecf02f0c75,"type:jar metadata:""minecraft"" positives:5+",,6442714,6.44,2021-08-08 15:32:04,2,trojan.java/genericgba,7
9097498669.zip,https://www.virustotal.com/gui/file/ffa27cd1ef69a8b2c8bb92dd186be0f6afccf0392cc2f484f6e5570447888c55,Demise-0.1.5-beta-release.jar,,,,,,"type:jar metadata:""minecraft"" positives:5+",,1598698,1.60,2021-10-09 4:52:50,3,trojan.java/banload,11
9093509023.zip,https://www.virustotal.com/gui/file/005af654656a8e1034947b205bcf982965b23bed097f6ade68e1a9972a883aec,Novoline.jar,,,https://www.youtube.com/watch?v=hpbwpcXVIdg,Cheat Client,005af654656a8e1034947b205bcf982965b23bed097f6ade68e1a9972a883aec,"type:jar metadata:""minecraft"" positives:5+",,128109932,128.11,2021-12-02 5:02:40,106,,6
9029756907.zip,https://www.virustotal.com/gui/file/50d4d501bd6425510066c8f23448c62d16ac666adc438f62fc372575411cd85b,Flux.jar,,,https://www.youtube.com/watch?v=Jv4AZQojYEw,Cheat Client,50d4d501bd6425510066c8f23448c62d16ac666adc438f62fc372575411cd85b,"type:jar metadata:""minecraft"" positives:1+ (Filtered detection high to low)",,40974939,40.97,2021-12-05 14:41:53,16,trojan.disco,15
9106599335.zip,https://www.virustotal.com/gui/file/c3de29762080f9ee2233f8ab51d20744c2b704cd7c5a0dcbdb0c3558f5a32207,Epsilon3.0.jar,,,https://www.youtube.com/watch?v=Ce2XgFNTcao,Cheat Client,c3de29762080f9ee2233f8ab51d20744c2b704cd7c5a0dcbdb0c3558f5a32207,"type:jar metadata:""minecraft"" positives:5+",,16353251,16.35,2022-01-01 6:22:44,21,trojan.,2
9108779848.zip,https://www.virustotal.com/gui/file/4294cb7b3290a958b7ed5ae323ba1e691ae26869cdce9b8e388f5cf61bf868fe,surveyplus-spigot-2.7.5.jar,1.16,"Jan 13, 2022",https://directleaks.net/downloads/survey-plus-get-useful-feedback-from-players.648/,Spigot Mod,4294cb7b3290a958b7ed5ae323ba1e691ae26869cdce9b8e388f5cf61bf868fe,"type:jar name:""spigot"" positives:5+",,611839,0.61,2022-02-17 4:24:35,4,trojan.java/genericgba,7
9097209276.zip,https://www.virustotal.com/gui/file/9c5d85a0fd41f6090d437dd49b7ecb9c3b314b4bac21012cf4487e72d33417c5,4648205033,,,,,9c5d85a0fd41f6090d437dd49b7ecb9c3b314b4bac21012cf4487e72d33417c5,"type:jar name:""fabric"" positives:5+",,1493941,1.49,2022-02-19 3:01:41,17,trojan.java/genericgba,10
9114648692.zip,https://www.virustotal.com/gui/file/0c84a2836e66f70b7c478d562bf5cdfc1265cb9858d848585b78bcb18aafef1c,Monsoon.jar,,,https://www.youtube.com/watch?v=BBVNi5QWzSg,Cheat Client,0c84a2836e66f70b7c478d562bf5cdfc1265cb9858d848585b78bcb18aafef1c,"type:jar metadata:""minecraft"" positives:5+",,35443958,35.44,2022-04-10 7:48:11,4,trojan.java/genericgba,5
9093509023.zip,https://www.virustotal.com/gui/file/da5df4777285a81a37e0e99775409d440393ed6dfd4c9a18d59edf5d1577008b,elixe.jar,,,,,da5df4777285a81a37e0e99775409d440393ed6dfd4c9a18d59edf5d1577008b,"type:jar metadata:""minecraft"" positives:5+",,48640824,48.64,2022-04-22 18:40:54,21,trojan.java/genericgba,8
9112737973.zip,https://www.virustotal.com/gui/file/fac6c18b2837a22303385032839f305a6b893b3f8b4b9f93ef4c4813b4b24fdb,Rusherhack.jar,,,https://www.youtube.com/watch?v=nWNO5lPmJJk,Cheat Client,fac6c18b2837a22303385032839f305a6b893b3f8b4b9f93ef4c4813b4b24fdb,"type:jar metadata:""minecraft"" positives:5+",,7173511,7.17,2022-04-30 5:21:32,2,trojan.java/genericgba,6
9112737973.zip,https://www.virustotal.com/gui/file/6ef7043544ac91bd32657dd087884d34840c0eefd5f809ba3fe8d4c4fab74403,TravelersTitles-1.18.2-Fabric-2.1.1.jar,1.18.2,"May 2, 2022",https://www.curseforge.com/minecraft/mc-mods/travelers-titles-fabric/files,Fabric Mod,6ef7043544ac91bd32657dd087884d34840c0eefd5f809ba3fe8d4c4fab74403,"type:jar metadata:""minecraft"" positives:5+",Likely false positive,377254,0.38,2022-05-02 21:46:13,10,trojan.java/genericgb,9
9118888872.zip,https://www.virustotal.com/gui/file/988fe42d030271c75734da14fb7b11559455c572c01ef1114acf7f206523b364,nofog-1.2.1-1.18.2-forge.jar,1.18.2,"Mar 13, 2022",https://www.curseforge.com/minecraft/mc-mods/nofog/files,Forge Mod,988fe42d030271c75734da14fb7b11559455c572c01ef1114acf7f206523b364,"type:jar name:""forge"" positives:5+",,47884,0.05,2022-05-07 2:26:23,7,trojan.java/genericgba,10
9093509023.zip,https://www.virustotal.com/gui/file/c605785806a2f150d1d7f76026743d8f9914163cae3f48c1442772ce416f0b1f,DragonV1.jar,,,,,c605785806a2f150d1d7f76026743d8f9914163cae3f48c1442772ce416f0b1f,"type:jar metadata:""minecraft"" positives:5+",,30852406,30.85,2022-05-24 22:01:15,2,trojan.java/genericgb,7
9114648692.zip,https://www.virustotal.com/gui/file/0490a165fbeb6e9113a47f680f4ba2107ddedd67b8be350a065084d05ca71a63,mudinhos.jar,,,,,0490a165fbeb6e9113a47f680f4ba2107ddedd67b8be350a065084d05ca71a63,"type:jar metadata:""minecraft"" positives:5+",,6441136,6.44,2022-05-25 18:51:04,2,trojan.java/genericgba,8
9118888872.zip,https://www.virustotal.com/gui/file/8755ed90187b4e8d4d50f8c556feaf31f12df3627a2ec04b11df1483f7f7bb26,pehkui-3_3_21_16_5-forge.jar,1.16.5,"May 28, 2022",https://www.curseforge.com/minecraft/mc-mods/pehkui/files,Forge Mod,8755ed90187b4e8d4d50f8c556feaf31f12df3627a2ec04b11df1483f7f7bb26,"type:jar name:""forge"" positives:5+",Likely false positive,342704,0.34,2022-05-30 12:35:46,11,trojan.java/genericgba,5
9094829430.zip,https://www.virustotal.com/gui/file/03ad902ad7d30b6da206c2999613e26ebb22b9da14fa60d33833adc9ae810c76,OptiFine 1.12.2.jar,,,https://optifine.net/adloadx?f=OptiFine_1.12.2_HD_U_G5.jar&x=f4e0,Generic Mod,03ad902ad7d30b6da206c2999613e26ebb22b9da14fa60d33833adc9ae810c76,"type:jar name:""optifine"" positives:5+",,18716153,18.72,2022-06-16 10:26:57,17,trojan.java/genericgb,8
9114648692.zip,https://www.virustotal.com/gui/file/6d81c2f89f516c5d09d37abce8c2a24c40c34630eaa4f0749199b92b7e8746fb,heaven.jar,,,,,6d81c2f89f516c5d09d37abce8c2a24c40c34630eaa4f0749199b92b7e8746fb,"type:jar metadata:""minecraft"" positives:5+",,37083776,37.08,2022-06-19 22:17:34,2,,5
9029756907.zip,https://www.virustotal.com/gui/file/ac3c5c624f2009ee09cff4c742309bc7c2dd6256e109815f58095f38b4b138e3,Rusherhack1.2.3-2-1_1.jar,,,https://www.youtube.com/watch?v=nWNO5lPmJJk,Cheat Client,ac3c5c624f2009ee09cff4c742309bc7c2dd6256e109815f58095f38b4b138e3,"type:jar metadata:""minecraft"" positives:1+ (Filtered detection high to low)",,7147064,7.15,2022-07-11 11:35:44,13,trojan.java/banload,20
9091718075.zip,https://www.virustotal.com/gui/file/f176a1c835a1f8112351d0b36332af870ff665f98f57bd0000cf1fb30b759864,[DL]-DeluxePlayerOptions-1.9.1.jar,,"Aug 1, 2022",https://www.spigotmc.org/resources/deluxeplayeroptions-1-8-8-1-19-x.33033/,Spigot,f176a1c835a1f8112351d0b36332af870ff665f98f57bd0000cf1fb30b759864,"type:jar content:""bukkit"" positives:5+",,299866,0.30,2022-08-09 13:26:39,1,trojan.java/genericgb,12
9108469884.zip,https://www.virustotal.com/gui/file/102b8b8988e5b474517758a2cd1c98379348e4bfa73ab8d35e669be96bd22062,Tarico.jar,,,,forge,102b8b8988e5b474517758a2cd1c98379348e4bfa73ab8d35e669be96bd22062,"type:jar content:""forge"" positives:5+",,8982961,8.98,2022-08-09 20:10:34,6,trojan.themida/java,24
9091718075.zip,https://www.virustotal.com/gui/file/ee1e00740a80e8286a65894b9b5a3dae2659186d93ab484928918d527684516a,Guilds-3.5.6.4.jar,,"July 5, 2022",https://github.com/guilds-plugin/Guilds/releases,Bukkit,ee1e00740a80e8286a65894b9b5a3dae2659186d93ab484928918d527684516a,"type:jar content:""bukkit"" positives:5+",,3613032,3.61,2022-08-09 23:25:02,1,trojan.java/genericgba,7
9108479699.zip,https://www.virustotal.com/gui/file/ee1e00740a80e8286a65894b9b5a3dae2659186d93ab484928918d527684516a,Guilds-3.5.6.4.jar,,"July 5, 2022",https://github.com/guilds-plugin/Guilds/releases,Bukkit,ee1e00740a80e8286a65894b9b5a3dae2659186d93ab484928918d527684516a,"type:jar content:""paper"" content:""minecraft"" positives:5+",,3613032,3.61,2022-08-09 23:25:02,1,trojan.java/genericgba,7
9108469884.zip,https://www.virustotal.com/gui/file/254ba60e88b6a851c7dde90eb57841eb39be75073f89e309cf975540965b7c97,Cheeto v3.0.jar,,,https://www.youtube.com/watch?v=SMDy8_2vYCs,Cheat Client,254ba60e88b6a851c7dde90eb57841eb39be75073f89e309cf975540965b7c97,"type:jar content:""forge"" positives:5+",,539977,0.54,2022-08-11 9:30:02,2,trojan.java/genericgba,16
9108469884.zip,https://www.virustotal.com/gui/file/f76b77e18c6fbcf41db67e2137360d1414f1753f743d04b4f421e84034f963f4,Future.v.2.12.1.jar,,,https://github.com/PlutoSolutions/Future,Cheat Client,f76b77e18c6fbcf41db67e2137360d1414f1753f743d04b4f421e84034f963f4,"type:jar content:""forge"" positives:5+",,2427117,2.43,2022-08-11 10:53:28,2,trojan.java/banload,20
9141886891.zip,https://www.virustotal.com/gui/file/dbf724a7b565ab9777f5a7ac656e046261b5c63061a6cdb76782a65203ae8c0e,[DL]-abd.jar,,,,,dbf724a7b565ab9777f5a7ac656e046261b5c63061a6cdb76782a65203ae8c0e,"type:jar content:""spigot"" positives:5+",,3595896,3.60,2022-08-12 8:41:55,1,trojan.java/genericgba,8
9108469884.zip,https://www.virustotal.com/gui/file/310cf7eae6d22f2dd5767cc1a2fe225837d1c6f65df5d8d53c57b47ddf1ba679,HMCL-3.5.dev-810c837.jar,,,https://github.com/huanghongxun/HMCL/releases,Mod Client,310cf7eae6d22f2dd5767cc1a2fe225837d1c6f65df5d8d53c57b47ddf1ba679,"type:jar content:""forge"" positives:5+",,4666729,4.67,2022-08-14 4:47:57,1,trojan.starter/miscx,26
9091718075.zip,https://www.virustotal.com/gui/file/50a2081905918c401ecd4e546acdb1484885f7517e14fcda56444b1b7e1466ee,virus.jar,,,,,50a2081905918c401ecd4e546acdb1484885f7517e14fcda56444b1b7e1466ee,"type:jar content:""bukkit"" positives:5+",,785151,0.79,2022-08-15 7:13:43,2,trojan.java/genericgba,11
9029756907.zip,https://www.virustotal.com/gui/file/de816b1681aa8a2fcde83e0107bb36588343cc5404d0749ab928c4b01670e4b8,EnhancedSurvivalDaedalus-1.2.2 (1).jar,,,https://www.curseforge.com/minecraft/mc-mods/enhancedsurvivaldaedalus/files,Forge Mod,de816b1681aa8a2fcde83e0107bb36588343cc5404d0749ab928c4b01670e4b8,"type:jar metadata:""minecraft"" positives:1+ (Filtered detection high to low)",,2916714,2.92,2022-08-16 19:31:37,2,trojan.java/genericgba,13
9123879594.zip,https://www.virustotal.com/gui/file/d85db56d210493c5157d6c2a829b9eba47a3235fad7fe38595cfeb9658221039,LegendLine b032.jar,,,https://www.youtube.com/watch?v=o9f2QXO0BjY,Cheat Client,d85db56d210493c5157d6c2a829b9eba47a3235fad7fe38595cfeb9658221039,"type:jar content:""forge"" positives:5+",,25208301,25.21,2022-08-17 6:12:55,5,trojan.java/genericgb,8
9123879594.zip,https://www.virustotal.com/gui/file/4fcf838fd2fecdcff3cb2f57e60a79c59a25e86d4d766b2ae9e93a2fd0c011c8,Jello.jar,,,https://www.youtube.com/watch?v=ki4Ya2Y6n8s,Cheat Client,4fcf838fd2fecdcff3cb2f57e60a79c59a25e86d4d766b2ae9e93a2fd0c011c8,"type:jar content:""forge"" positives:5+",,25568906,25.57,2022-08-18 10:47:56,6,trojan.java/genericgb,11
9091718075.zip,https://www.virustotal.com/gui/file/32624fa48c87547eac69344ba7b2f3be396b4f7acdb08a1079dda6f23614e034,SuperLobbyDeluxe-4.4.7-shaded.jar,,"Aug 18, 2022",https://www.spigotmc.org/resources/%E2%9C%AA-superlobbydeluxe-1-8-8-1-19-x-%E2%9C%AA.20400/,Spigot,32624fa48c87547eac69344ba7b2f3be396b4f7acdb08a1079dda6f23614e034,"type:jar content:""bukkit"" positives:5+",,328181,0.33,2022-08-18 22:12:05,4,trojan.java/genericgb,10
9123879594.zip,https://www.virustotal.com/gui/file/0fb956c14ea5a38743e7eb34b7bff25386c9dc6ac4add54e14f82eb4cd48195e,dotgod.cc_1.0.4.jar,,,https://www.youtube.com/watch?v=VyTP7koV9iw,Cheat Client,0fb956c14ea5a38743e7eb34b7bff25386c9dc6ac4add54e14f82eb4cd48195e,"type:jar content:""forge"" positives:5+",,1584842,1.58,2022-08-20 7:51:55,1,trojan.java/vpdu,7
9091718075.zip,https://www.virustotal.com/gui/file/28cfaa6c437ab8ecdc85bf8a6094736e16373054081d23bec09786ae26394403,Twitter4Spigot.jar,,,https://www.spigotmc.org/resources/twitter4spigot.69709/,Spigot,28cfaa6c437ab8ecdc85bf8a6094736e16373054081d23bec09786ae26394403,"type:jar content:""bukkit"" positives:5+",,622817,0.62,2022-08-20 12:06:47,1,trojan.java/genericgba,11
9123879594.zip,https://www.virustotal.com/gui/file/890ec40997af5d7e54708f2b36101f7247d9aeb4aa62db72328bf2f76e24bf43,FusionWorldPixelmon-8.4.2-Installer-Pojav.jar,,,https://pixel.fusionworld.it/,Mod Client,890ec40997af5d7e54708f2b36101f7247d9aeb4aa62db72328bf2f76e24bf43,"type:jar content:""forge"" positives:5+",,13086461,13.09,2022-08-21 9:01:52,1,trojan.java/genericgb,9
9091718075.zip,https://www.virustotal.com/gui/file/c3f45b9905e3cb88406036c55a70c7e5a88008c10f6ddf0bd1ff328b9c1c232f,CreepySoJoin.jar,,,https://www.spigotmc.org/resources/creepysojoin.105920/,Spigot,c3f45b9905e3cb88406036c55a70c7e5a88008c10f6ddf0bd1ff328b9c1c232f,"type:jar content:""bukkit"" positives:5+",,31761399,31.76,2022-08-21 14:40:06,1,trojan.java/genericgb,8
9108460145.zip,https://www.virustotal.com/gui/file/f5f9d36c255aa1f714071e4594dd90e19995cf2c187be0b558e4a34da82a4057,Rusty v3 1.8.9.jar,,,,,f5f9d36c255aa1f714071e4594dd90e19995cf2c187be0b558e4a34da82a4057,"type:jar content:""forge"" positives:5+",,4614765,4.61,2022-08-27 8:18:55,1,trojan.java/genericgba,11
9108460145.zip,https://www.virustotal.com/gui/file/7c9cd716cffe7467066ca0a1bdf625de58e3124d8a753c21b29882f999ada41e,CheetoSigma.jar,,,https://www.youtube.com/watch?v=MVbanHoIYYw,Cheat Client,7c9cd716cffe7467066ca0a1bdf625de58e3124d8a753c21b29882f999ada41e,"type:jar content:""forge"" positives:5+",,542800,0.54,2022-08-27 11:14:37,2,trojan.java/genericgba,18
9108460145.zip,https://www.virustotal.com/gui/file/f42912d3d31ee4c3a99b00bd3db530d928c04338d0528610375e25fee5e84ef1,Dungeon Vampiers - 11.15.3.2476-installer.jar,,,,,f42912d3d31ee4c3a99b00bd3db530d928c04338d0528610375e25fee5e84ef1,"type:jar content:""forge"" positives:5+",,1242572,1.24,2022-08-28 1:24:02,1,java/banload,5
9108460145.zip,https://www.virustotal.com/gui/file/3f9930aa3f9003056ab3270568a50580414ecfd62823f7b370d9573afdd11657,remainder-version-two.jar,,,,,3f9930aa3f9003056ab3270568a50580414ecfd62823f7b370d9573afdd11657,"type:jar content:""forge"" positives:5+",,103472304,103.47,2022-08-28 23:11:47,2,trojan.java/genericgb,8
9108479699.zip,https://www.virustotal.com/gui/file/3f9930aa3f9003056ab3270568a50580414ecfd62823f7b370d9573afdd11657,remainder-version-two.jar,,,,,3f9930aa3f9003056ab3270568a50580414ecfd62823f7b370d9573afdd11657,"type:jar content:""paper"" content:""minecraft"" positives:5+",,103472304,103.47,2022-08-28 23:11:47,2,trojan.java/genericgb,8
9108460145.zip,https://www.virustotal.com/gui/file/f2c9e08315d66f78cb197c57e202a03194424376295c52e7c83986d6d522f79e,Future_v2.9.jar,,,https://github.com/PlutoSolutions/Future,Cheat Client,f2c9e08315d66f78cb197c57e202a03194424376295c52e7c83986d6d522f79e,"type:jar content:""forge"" positives:5+",,2391713,2.39,2022-08-29 7:53:30,2,trojan.java,10
9108460145.zip,https://www.virustotal.com/gui/file/fc28475697f77cd6a72a98df274acdebc8d08111749b553c3bed8ef59d3a0eee,soopyv2forge-1.1.jar,,"July 14, 2022",https://github.com/Soopyboo32/SoopyV2,Generic Mod,fc28475697f77cd6a72a98df274acdebc8d08111749b553c3bed8ef59d3a0eee,"type:jar content:""forge"" positives:5+",,30221,0.03,2022-08-30 12:29:25,1,trojan.java/genericgba,10
9108460145.zip,https://www.virustotal.com/gui/file/c42dbc51245c42129796ac5009c1e734e6f38a608f0b07d17e59a7d6f752f850,dawn_test.jar,,,,,c42dbc51245c42129796ac5009c1e734e6f38a608f0b07d17e59a7d6f752f850,"type:jar content:""forge"" positives:5+",,483449,0.48,2022-09-02 15:25:06,1,java/banload,6
9108460145.zip,https://www.virustotal.com/gui/file/0089fd49b9b07952dda4052f8921cedc832f76ddafdd23b368c586a05def9f2e,SimpleScripts (1).jar,,,,,0089fd49b9b07952dda4052f8921cedc832f76ddafdd23b368c586a05def9f2e,"type:jar content:""forge"" positives:5+",,544620,0.54,2022-09-03 8:30:11,54,trojan.java/genericgba,24
9141886891.zip,https://www.virustotal.com/gui/file/6b62953d4762fae18b3e5634f2d0f7c8d71a318b193edf7201b75b5ca604d797,bedwars-plugin-21.2.jar,,"Feb 23, 2021",https://www.spigotmc.org/resources/bedwars1058-the-most-modern-bedwars-plugin-bungee-scalable-bungee-legacy-multi-arena-shared.50942/,Spigot,6b62953d4762fae18b3e5634f2d0f7c8d71a318b193edf7201b75b5ca604d797,"type:jar content:""spigot"" positives:5+",,1753987,1.75,2022-09-05 8:36:18,1,trojan.java/genericgba,9
9101309837.zip,https://www.virustotal.com/gui/file/c5b21e7b5d11c1d031da321b0371a46b26910a35dfea394f401d8b0f59924867,postman-release.jar,,,,,c5b21e7b5d11c1d031da321b0371a46b26910a35dfea394f401d8b0f59924867,"type:jar content:""forge"" positives:5+",,3378313,3.38,2022-09-10 9:51:37,1,trojan.java/genericgba,17
9101309837.zip,https://www.virustotal.com/gui/file/d2a38661c17e6ecb4be707398bbc574f1a08f4ac828ef2763d06ca6b5f2f9c25,3arthh4ck-1.6.2-release.jar,,,https://www.youtube.com/watch?v=sJjEa9UVpK0,Cheat Client,d2a38661c17e6ecb4be707398bbc574f1a08f4ac828ef2763d06ca6b5f2f9c25,"type:jar content:""forge"" positives:5+",,7494056,7.49,2022-09-11 10:04:23,1,trojan.java,20
9101309837.zip,https://www.virustotal.com/gui/file/becd5ae4aa151c387dd5a3caa1716e0cbb49b82234144d11a778ff0016cc0dbb,kombat.jar,,,,,becd5ae4aa151c387dd5a3caa1716e0cbb49b82234144d11a778ff0016cc0dbb,"type:jar content:""forge"" positives:5+",,75644027,75.64,2022-09-17 2:45:27,2,trojan.java/genericgb,7
9101309837.zip,https://www.virustotal.com/gui/file/d77b8e4264b8891809fdb6e28fd792c8ad1dbbefb76c97e68d3d7022d4124188,Dungeon_Wizard-2.7.2.jar,,"Aug 16, 2022",https://www.curseforge.com/minecraft/mc-mods/dungeon-wizard/files,Forge Mod,d77b8e4264b8891809fdb6e28fd792c8ad1dbbefb76c97e68d3d7022d4124188,"type:jar content:""forge"" positives:5+",,1256244,1.26,2022-09-17 9:09:33,2,java/banload,7
9141886891.zip,https://www.virustotal.com/gui/file/e644b186d9981855bf51afd5e88f4134c1fc0ca510299f934a1a64f8c0d35f53,oraxen-1.142.1.jar,,"Sep 15, 2022",https://www.spigotmc.org/resources/%E2%98%84%EF%B8%8F-oraxen-add-items-blocks-armors-hats-food-furnitures-plants-and-gui.72448/,Spigot,e644b186d9981855bf51afd5e88f4134c1fc0ca510299f934a1a64f8c0d35f53,"type:jar content:""spigot"" positives:5+",,3341017,3.34,2022-09-17 17:57:00,1,trojan.java/genericgba,9
9099599242.zip,https://www.virustotal.com/gui/file/4a8b9117b8f260a3ee3fef2cb3510e011018126661e13175ae5dabf1010b6723,AuctionFlipper-2.4.1-installer.jar,,,,,4a8b9117b8f260a3ee3fef2cb3510e011018126661e13175ae5dabf1010b6723,"type:jar content:""forge"" positives:5+",,1568013,1.57,2022-09-18 11:52:40,7,java/banload,6
9099599242.zip,https://www.virustotal.com/gui/file/3cf02875eab95bd30bf64d68035fcfbc9763c89d75dbc4a95004ae61629b7b69,Sumo-6.4.2.jar,,"Sep 9, 2022",https://www.spigotmc.org/resources/%E2%9C%85-sumo-1-7-1-18-%E2%9C%85-10-discount.53174/history,Spigot,3cf02875eab95bd30bf64d68035fcfbc9763c89d75dbc4a95004ae61629b7b69,"type:jar content:""forge"" positives:5+",,298747,0.30,2022-09-18 13:46:19,1,trojan.java,5
9099599242.zip,https://www.virustotal.com/gui/file/28ab5f91cd1ead0e8a85b7e3b3f139c545bc496f80cb98c3c99d5e40a5959d8e,ProdigyNightclub-3.1.0 (1).jar,,"Jan 23, 2023",https://www.spigotmc.org/resources/prodigynightclub.58234/,Spigot,28ab5f91cd1ead0e8a85b7e3b3f139c545bc496f80cb98c3c99d5e40a5959d8e,"type:jar content:""forge"" positives:5+",,863856,0.86,2022-09-22 12:19:54,2,java,7
9099599242.zip,https://www.virustotal.com/gui/file/060ed926fa2d2fa9db030add1f8b4d2114320d3db14fb6525a97a6ab555b4fab,DMod.jar,,,,,060ed926fa2d2fa9db030add1f8b4d2114320d3db14fb6525a97a6ab555b4fab,"type:jar content:""forge"" positives:5+",,476481,0.48,2022-09-24 0:11:26,4,java/banload,7
9099576415.zip,https://www.virustotal.com/gui/file/d26fe1be22008c9f29c02b0dff1cbc642229966fc8ef7a9abdbdf6c2617df87a,Skytils-1.2.3.jar,,"Apr 22, 2022",https://github.com/Skytils/SkytilsMod,Generic Mod,d26fe1be22008c9f29c02b0dff1cbc642229966fc8ef7a9abdbdf6c2617df87a,"type:jar content:""forge"" positives:5+",,7245947,7.25,2022-10-01 10:13:27,1,trojan.java/genericgba,9
9099576415.zip,https://www.virustotal.com/gui/file/695f0265adfe87d4bd05e2a5fe372f0f063e7659bb6b0e08edb537c4124184fd,Ultra_Sniper.jar,,,,,695f0265adfe87d4bd05e2a5fe372f0f063e7659bb6b0e08edb537c4124184fd,"type:jar content:""forge"" positives:5+",,578783,0.58,2022-10-02 16:09:37,2,trojan.java/genericgba,18
9099576415.zip,https://www.virustotal.com/gui/file/b8c71da9a8ec208db774106e0d580cad1b0bdb5ff4ac4db1cb8fc2f9585a28fc,HaneFree.jar,,,,,b8c71da9a8ec208db774106e0d580cad1b0bdb5ff4ac4db1cb8fc2f9585a28fc,"type:jar content:""forge"" positives:5+",,23876544,23.88,2022-10-04 11:44:50,2,trojan.java/genericgb,8
9115349955.zip,https://www.virustotal.com/gui/file/514848d41e8b5dc9152ea285168528831961fa7c426ff6586344899f591b40a4,ClientGuard-0.8.0-SNAPSHOT-obf.jar,,,,fabric,514848d41e8b5dc9152ea285168528831961fa7c426ff6586344899f591b40a4,"type:jar content:""fabric"" positives:5+",,9452539,9.45,2022-10-21 1:35:41,1,trojan.gencbl/shenzhen,11
9097498669.zip,https://www.virustotal.com/gui/file/076ecc88e8b641caf8a55647c678c04dc61e7a436f3e7fae3b821bf7581c5ed7,NewHelpSense.jar,,,https://www.youtube.com/watch?v=4nVtnFpf55g,Cheat Client,076ecc88e8b641caf8a55647c678c04dc61e7a436f3e7fae3b821bf7581c5ed7,"type:jar metadata:""minecraft"" positives:5+",,103200692,103.20,2022-10-24 8:01:06,6,lazy,9
9141886891.zip,https://www.virustotal.com/gui/file/462b68618f34f94a1c1b50af6d09d6f0df3c33ed46d8b153640688d3ea3dfe3c,[DL]-Deluxe Announce.jar,,,https://www.spigotmc.org/resources/deluxe-announce-player-avatar-more.69142/,Spigot,462b68618f34f94a1c1b50af6d09d6f0df3c33ed46d8b153640688d3ea3dfe3c,"type:jar content:""spigot"" positives:5+",,2238296,2.24,2022-10-25 8:50:56,1,trojan.java/genericgba,8
9093509023.zip,https://www.virustotal.com/gui/file/3975084e6b5106d7f248c2401c248a3f7d74230075cc23c8668af83ed606abe5,Evolution.jar,,,,,3975084e6b5106d7f248c2401c248a3f7d74230075cc23c8668af83ed606abe5,"type:jar metadata:""minecraft"" positives:5+",,60346762,60.35,2022-10-27 12:36:07,50,trojan.java/genericgba,6
9114648692.zip,https://www.virustotal.com/gui/file/f8e8e3c0cf250a54f7ca049cec92dde94c386891fe2c603eaf11282c6fc21ac6,Legend-0.8.0.jar,,,,,f8e8e3c0cf250a54f7ca049cec92dde94c386891fe2c603eaf11282c6fc21ac6,"type:jar metadata:""minecraft"" positives:5+",,2067991,2.07,2022-10-28 16:44:00,7,java/banload,7
9115349955.zip,https://www.virustotal.com/gui/file/6771c6e20933f34bd5392eaf006b406004964a614bc15146006f8efaf98178d1,Konas-b1-release.jar,,,https://konasclient.com/,Cheat Client,6771c6e20933f34bd5392eaf006b406004964a614bc15146006f8efaf98178d1,"type:jar content:""fabric"" positives:5+",,11326708,11.33,2022-11-09 13:28:46,2,java,7
9115349955.zip,https://www.virustotal.com/gui/file/ad6b04f88dc994b90d19c93923fa8647f4f8c41853a8c0d3e7a8ec7f70a2aa9d,WexSide.zip,,,https://cheatermad.com/wexside-minecraft-client-hack/,Cheat Client,ad6b04f88dc994b90d19c93923fa8647f4f8c41853a8c0d3e7a8ec7f70a2aa9d,"type:jar content:""fabric"" positives:5+",,51559390,51.56,2022-11-09 18:09:13,1,trojan.lazy/r002c0rea22,27
9042140577.zip,https://www.virustotal.com/gui/file/7af57d75b6f7ab45f0e051d8b9cc237d0900beb6ae14de12fe8367268d575fc7,abhack.0.0.1.jar,,,,,7af57d75b6f7ab45f0e051d8b9cc237d0900beb6ae14de12fe8367268d575fc7,"type:jar metadata:""minecraft"" positives:1+ (Filtered detection high to low)",,8187981,8.19,2022-11-12 7:42:18,4,trojan.java/genericgba,12
9112737973.zip,https://www.virustotal.com/gui/file/620eb1f04d48b35f4a5db53537fbc833b7b51a4099008ff9c7938603922acd79,LegendLine v2.0.jar,,,,,620eb1f04d48b35f4a5db53537fbc833b7b51a4099008ff9c7938603922acd79,"type:jar metadata:""minecraft"" positives:5+",,24635583,24.64,2022-11-26 4:53:45,6,trojan.java/genericgb,12
9141886891.zip,https://www.virustotal.com/gui/file/4ed43b80c860b2116f698ca95558d2b40b0f06203ae3dc7bf986263fe331c34a,[DL]-UltraEconomy (2).jar,,,https://www.spigotmc.org/resources/ultra-economy.83374/,Spigot,4ed43b80c860b2116f698ca95558d2b40b0f06203ae3dc7bf986263fe331c34a,"type:jar content:""spigot"" positives:5+",,1929129,1.93,2022-11-28 8:53:19,1,trojan.java/genericgba,10
9112737973.zip,https://www.virustotal.com/gui/file/ed701d9ea8315ca1ef17fb943df068a41dd2aaa8b936e19dfb7788b2316ec0d6,BetterCraft.jar,,,https://www.youtube.com/watch?v=d7uGedHDNq4,Cheat Client,ed701d9ea8315ca1ef17fb943df068a41dd2aaa8b936e19dfb7788b2316ec0d6,"type:jar metadata:""minecraft"" positives:5+",,102117864,102.12,2022-11-29 15:21:39,1,trojan.java/genericgb,6
9118888872.zip,https://www.virustotal.com/gui/file/f8dff26d57e9e43abe3c44b515b5bcac5cddb1167c24eb13694ff8e9d09d3d6a,BinklacAntiCheat-Forge.jar,,,https://www.curseforge.com/minecraft/mc-mods/binklac-anti-cheat,Forge Mod,f8dff26d57e9e43abe3c44b515b5bcac5cddb1167c24eb13694ff8e9d09d3d6a,"type:jar name:""forge"" positives:5+",,9218995,9.22,2022-12-02 0:21:50,1,adwind,5
9112737973.zip,https://www.virustotal.com/gui/file/ea4621258caf6ec752515e9a4c14168b1c4bffaf0aecd889d79acf9ce473784d,EasyOffer.jar,,,,,ea4621258caf6ec752515e9a4c14168b1c4bffaf0aecd889d79acf9ce473784d,"type:jar metadata:""minecraft"" positives:5+",,59347680,59.35,2022-12-02 8:31:02,1,trojan.java/genericgba,5
9029756907.zip,https://www.virustotal.com/gui/file/5d38a86f9786dc17d8fe656576bcb8d429fb04496f42afb8a4fb4ebb94e3346d,SUMSesne 1.jar,,,,,5d38a86f9786dc17d8fe656576bcb8d429fb04496f42afb8a4fb4ebb94e3346d,"type:jar metadata:""minecraft"" positives:1+ (Filtered detection high to low)",,40001051,40.00,2022-12-18 20:25:08,2,trojan.,32
9097209276.zip,https://www.virustotal.com/gui/file/27cc4144bd0895bbfb7932a5c8840033fc2d9152adc4d3d155b804a25bd809a2,fabric-example-mod-1.0.0.jar,,,,,27cc4144bd0895bbfb7932a5c8840033fc2d9152adc4d3d155b804a25bd809a2,"type:jar name:""fabric"" positives:5+",,1007817,1.01,2022-12-21 21:31:43,1,trojan.java/genericgba,9
9093299124.zip,https://www.virustotal.com/gui/file/e088df3b695572f64b4b49e7bedc71b9b4b02b0327637b9111211e46e17e57ae,[DL]-EnderVaults-Bukkit-v1.0.18.jar,,,https://www.spigotmc.org/resources/endervaults-player-vaults-alternative.10307/,Spigot,e088df3b695572f64b4b49e7bedc71b9b4b02b0327637b9111211e46e17e57ae,"type:jar name:""bukkit"" positives:5+",,1104953,1.10,2022-12-28 12:02:22,1,trojan.java/genericgba,11
9141886891.zip,https://www.virustotal.com/gui/file/4ea31464fc77165a611e0b025b3bd86e417edaf1cad2cc0f01c5fd1f06f11cdf,DynamicBungeeAuth-10.25B.jar,,,,,4ea31464fc77165a611e0b025b3bd86e417edaf1cad2cc0f01c5fd1f06f11cdf,"type:jar content:""spigot"" positives:5+",,1634870,1.63,2022-12-31 11:03:29,1,trojan.genericgba/java,12
9091718075.zip,https://www.virustotal.com/gui/file/19543a6c1278d5a77dede2a8b8db374866db3ce275eb9c8871b0633d309cff30,[DL]-ClueScrolls-4.0.4_Nulled.jar,,,https://www.spigotmc.org/resources/%E2%AD%90-cluescrolls-%E2%AD%90-%E2%95%91-1-8-to-1-19-250-clue-types-new-default-config-rewards.30276/,Spigot,19543a6c1278d5a77dede2a8b8db374866db3ce275eb9c8871b0633d309cff30,"type:jar content:""bukkit"" positives:5+",,1272573,1.27,2023-01-01 8:49:17,1,trojan.java/genericgba,10
9111528438.zip,https://www.virustotal.com/gui/file/efe60e4f8562b2fe83d325ee4b793aef7aa4f2a721db78036d2d2cfaf85d1df1,guguhack-2.11-futuretroll.jar,,,,Hack Tool,efe60e4f8562b2fe83d325ee4b793aef7aa4f2a721db78036d2d2cfaf85d1df1,"type:jar content:""minecraft"" positives:5+",,1648676,1.65,2023-01-02 5:17:53,1,trojan.java/genericgba,11
9091718075.zip,https://www.virustotal.com/gui/file/05dfc8c2ccd5dd2caf385e6002d7ff4c5a6945a0d1a1bdb2c610b82f50d105f7,Triton-v3.5.4.jar,,,,,05dfc8c2ccd5dd2caf385e6002d7ff4c5a6945a0d1a1bdb2c610b82f50d105f7,"type:jar content:""bukkit"" positives:5+",,615415,0.62,2023-01-02 10:54:47,1,trojan.java/genericgba,10
9111528438.zip,https://www.virustotal.com/gui/file/f4c059fac87e63e759c29bb50c96d7c125958669addc0494e9e3e1ed4e9491fa,UboaMod.jar,,,,,f4c059fac87e63e759c29bb50c96d7c125958669addc0494e9e3e1ed4e9491fa,"type:jar content:""minecraft"" positives:5+",,342494,0.34,2023-01-02 12:56:13,11,trojan.java/genericgba,17
9097498669.zip,https://www.virustotal.com/gui/file/2768eb29ede7c6cf384e4ba2078bc0c10bb8d97e8acbcdfa61191ef475449e25,Rose1.12.2 B1.jar,,,https://www.youtube.com/watch?v=nOswvXcqAY0,Cheat Client,2768eb29ede7c6cf384e4ba2078bc0c10bb8d97e8acbcdfa61191ef475449e25,"type:jar metadata:""minecraft"" positives:5+",,31390807,31.39,2023-01-02 19:20:45,1,java/expl,5
9111528438.zip,https://www.virustotal.com/gui/file/67706fc80b0bd9452a1c37f5307eeddfd6bbb1d4061bbfe225397d1bdc52da0d,Slowylove-Reborn-b6.jar,,,,,67706fc80b0bd9452a1c37f5307eeddfd6bbb1d4061bbfe225397d1bdc52da0d,"type:jar content:""minecraft"" positives:5+",,21880009,21.88,2023-01-02 23:18:52,4,dropper.java,7
9091718075.zip,https://www.virustotal.com/gui/file/7877aa7a68ee0a823c8f2c6d7823fa7355d111d4e8e929660ec567dc90acf33f,PandaGkit.jar,,,https://polymart.org/resource/pandagkits-1-7-1-19.2932,Spigot,7877aa7a68ee0a823c8f2c6d7823fa7355d111d4e8e929660ec567dc90acf33f,"type:jar content:""bukkit"" positives:5+",,2586800,2.59,2023-01-03 10:21:01,1,trojan.java,5
9097498669.zip,https://www.virustotal.com/gui/file/f902750db212237230218fd95b871b775735266d37d9624fa035773ed534cc69,ScreenRecorder-v3.5-release.jar,,,,,f902750db212237230218fd95b871b775735266d37d9624fa035773ed534cc69,"type:jar metadata:""minecraft"" positives:5+",,5888003,5.89,2023-01-03 14:19:59,1,trojan.java,7
9111528438.zip,https://www.virustotal.com/gui/file/8194215aad39c52e9f333cd9b1da603ebb417b4de08713ccf2110ffee3cf59ad,IIIIIIllll-1.4.2.jar,,,,Obfusicated Client,8194215aad39c52e9f333cd9b1da603ebb417b4de08713ccf2110ffee3cf59ad,"type:jar content:""minecraft"" positives:5+",,5475776,5.48,2023-01-03 17:24:05,10,trojan.java/banload,6
9103238793.zip,https://www.virustotal.com/gui/file/2f00c1292a5f16bff4863443f42dc54c74617fdaa31aad527cd2b57711f43999,LXSense-1.8.9 7.1.jar,,,,,2f00c1292a5f16bff4863443f42dc54c74617fdaa31aad527cd2b57711f43999,"type:jar content:""forge"" positives:5+",,11930611,11.93,2023-01-04 2:31:48,2,trojan.java/oztkt,25
9111528438.zip,https://www.virustotal.com/gui/file/e5bd6fd29a9a0c4f6b78c052bf1c1ecbe2e7cfe864a135dfcb59387197891408,Grassware.win-finale.1.jar,,,,,e5bd6fd29a9a0c4f6b78c052bf1c1ecbe2e7cfe864a135dfcb59387197891408,"type:jar content:""minecraft"" positives:5+",,3021345,3.02,2023-01-04 2:51:01,1,trojan.java/genericgba,13
9120258708.zip,https://www.virustotal.com/gui/file/fdccde4958778078094acf7e1b268749122cb180c66931b34f89161811878972,Novoline 6.0 Cracked by Annefrak.jar,,,,,fdccde4958778078094acf7e1b268749122cb180c66931b34f89161811878972,similar-to: 45e8f21be4366f931ef22b2bbc4e44657822ea5ed832daded246e0172714230a,,11930587,11.93,2023-01-05 2:43:50,1,trojan.java/oztkt,24
9141886891.zip,https://www.virustotal.com/gui/file/f844f8c2c912faf8a5fee06435fd0c766455145780f8524689746657d1f17566,SpigotGuard-V6.4.3_GENJUTSU.jar,,,,,f844f8c2c912faf8a5fee06435fd0c766455145780f8524689746657d1f17566,"type:jar content:""spigot"" positives:5+",,813767,0.81,2023-01-06 15:42:12,1,trojan.java/kottx,22
9042140577.zip,https://www.virustotal.com/gui/file/e866d3e591743815d69ae716cb1703e0a731bdc676d3c080242bbfe3dc0671da,atom-0.5.jar,,,,,e866d3e591743815d69ae716cb1703e0a731bdc676d3c080242bbfe3dc0671da,"type:jar metadata:""minecraft"" positives:1+ (Filtered detection high to low)",,3791931,3.79,2023-01-07 13:20:38,2,trojan.java/genericgb,11
9103238793.zip,https://www.virustotal.com/gui/file/72776c5918c6b491232be307430e4b59fd5dbb346b4e46b8f5545ac00f4ce951,FwmProject.jar,,,,,72776c5918c6b491232be307430e4b59fd5dbb346b4e46b8f5545ac00f4ce951,"type:jar content:""forge"" positives:5+",,28734718,28.73,2023-01-08 0:19:46,1,trojan.java/genericgb,8
9091718075.zip,https://www.virustotal.com/gui/file/2d3419de821c6d8b65531473a2469544edb8d63e302114e9e63c9cd3944fbe53,Practice-AntonioSkid.jar,,,,,2d3419de821c6d8b65531473a2469544edb8d63e302114e9e63c9cd3944fbe53,"type:jar content:""bukkit"" positives:5+",,12467814,12.47,2023-01-08 20:20:42,2,trojan.java/genericgb,14
9097498669.zip,https://www.virustotal.com/gui/file/2790d2970bb346903a5d99f53a1168440e7e3200ca3494571f9df0be8ccf30ba,liquidbounceb74.jar,,,,,2790d2970bb346903a5d99f53a1168440e7e3200ca3494571f9df0be8ccf30ba,"type:jar metadata:""minecraft"" positives:5+",,11933268,11.93,2023-01-10 7:23:11,1,trojan.java,20
9108779848.zip,https://www.virustotal.com/gui/file/87c58177cd57066a30ab4aadeb9bf04092260517663a1e5ba774b5f19e6da823,aac-spigot-5_0_14-b1.jar,,,,,87c58177cd57066a30ab4aadeb9bf04092260517663a1e5ba774b5f19e6da823,"type:jar name:""spigot"" positives:5+",,3067800,3.07,2023-01-11 6:16:10,3,trojan.java/malcode,6
9141886891.zip,https://www.virustotal.com/gui/file/cd2de30f594e2d3fbfac210e46c06659160cb530b1726880e5f8f7d47c9f513e,SimpleAnnounce-1.5.1.jar,,,,,cd2de30f594e2d3fbfac210e46c06659160cb530b1726880e5f8f7d47c9f513e,"type:jar content:""spigot"" positives:5+",,2058156,2.06,2023-01-11 18:21:27,1,trojan.java/genericgba,8
9115349955.zip,https://www.virustotal.com/gui/file/5aaba7158eefb1b454fcaa307f72aa8bc9c2e550b9e88af45c05aaeff96b47d0,mirror-1.6.jar,,,,,5aaba7158eefb1b454fcaa307f72aa8bc9c2e550b9e88af45c05aaeff96b47d0,"type:jar content:""fabric"" positives:5+",,14252398,14.25,2023-01-11 23:41:39,1,trojan.java/genericgba,12
9105399771.zip,https://www.virustotal.com/gui/file/163c471ceaf46020beca84bf54ef0ad957f7c8bed9ac0eebee32b49cd9b602e8,TxDickSense-0.0.1.jar,,,,,163c471ceaf46020beca84bf54ef0ad957f7c8bed9ac0eebee32b49cd9b602e8,"type:jar content:""forge"" positives:5+",,2316346,2.32,2023-01-12 3:29:17,1,trojan.java/genericgba,8
9115349955.zip,https://www.virustotal.com/gui/file/f55f10edacf6703438b16f2abcd2d7c43c8dd4fc2aa11f40c001c37d10fad30e,Thaumcraft_1.12.2_6.1.BETA26.jar,,,,,f55f10edacf6703438b16f2abcd2d7c43c8dd4fc2aa11f40c001c37d10fad30e,"type:jar content:""fabric"" positives:5+",,3706114,3.71,2023-01-12 9:46:47,1,marte/shellcode,9
9105399771.zip,https://www.virustotal.com/gui/file/0afccb0067f2569e1b5fe8ed48a81e03f956cd759d2807c71446967eeb320f11,Darkness.jar,,,,,0afccb0067f2569e1b5fe8ed48a81e03f956cd759d2807c71446967eeb320f11,"type:jar content:""forge"" positives:5+",,67975228,67.98,2023-01-13 15:41:27,1,trojan.java/genericgb,8
9108479699.zip,https://www.virustotal.com/gui/file/0afccb0067f2569e1b5fe8ed48a81e03f956cd759d2807c71446967eeb320f11,Darkness.jar,,,,,0afccb0067f2569e1b5fe8ed48a81e03f956cd759d2807c71446967eeb320f11,"type:jar content:""paper"" content:""minecraft"" positives:5+",,67975228,67.98,2023-01-13 15:41:27,1,trojan.java/genericgb,8
9093299124.zip,https://www.virustotal.com/gui/file/5c85a5cb321546701105a5a6d70314c5f5001bd47c241dbaa6d9fe0f500c70ab,EnderVaults-Bukkit-v1.1.0.jar,,,https://www.spigotmc.org/resources/endervaults-player-vaults-alternative.10307/,Spigot,5c85a5cb321546701105a5a6d70314c5f5001bd47c241dbaa6d9fe0f500c70ab,"type:jar name:""bukkit"" positives:5+",,1071097,1.07,2023-01-13 19:57:19,1,trojan.java/genericgba,11
9122657889.zip,https://www.virustotal.com/gui/file/e661597f358af3930aa3526611427091ef5be0819e3e2967912fc60d79d33950,DYZHack0.0.3.1.jar,,,,Hack Tool,e661597f358af3930aa3526611427091ef5be0819e3e2967912fc60d79d33950,"type:jar metadata:""minecraft"" positives:5+",,2281090,2.28,2023-01-14 6:53:02,3,trojan.java/genericgba,9
9093509023.zip,https://www.virustotal.com/gui/file/a5529d564ea3a65aa6b786668db1793c40dd7f9b2bf41314bc525867c667df6b,abHack-0.0.1-release.jar,,,,Cheat Client,a5529d564ea3a65aa6b786668db1793c40dd7f9b2bf41314bc525867c667df6b,"type:jar metadata:""minecraft"" positives:5+",Possible False Positive,7878688,7.88,2023-01-15 20:24:38,2,trojan.java/genericgba,11
9122657889.zip,https://www.virustotal.com/gui/file/77be535ffefae3d206f715131dda01b9119d426b146b0458cd1d38400c32d8d3,renosense-0.0.4-release.jar,,,,,77be535ffefae3d206f715131dda01b9119d426b146b0458cd1d38400c32d8d3,"type:jar metadata:""minecraft"" positives:5+",,4782669,4.78,2023-01-16 14:17:35,4,java/banload,6
9106599335.zip,https://www.virustotal.com/gui/file/3264f4b8341f6aa413eaf134f30c00009202484aa71c55c07808d524b8de7dff,FoodByte.jar,,,,,3264f4b8341f6aa413eaf134f30c00009202484aa71c55c07808d524b8de7dff,"type:jar metadata:""minecraft"" positives:5+",,47666774,47.67,2023-01-17 5:16:44,6,trojan.themida,5
9105399771.zip,https://www.virustotal.com/gui/file/45e8f21be4366f931ef22b2bbc4e44657822ea5ed832daded246e0172714230a,HotRat-Forge-1.8.9-0.jar,,,,,45e8f21be4366f931ef22b2bbc4e44657822ea5ed832daded246e0172714230a,"type:jar content:""forge"" positives:5+",,11937082,11.94,2023-01-17 20:47:20,2,trojan.java,29
9118888872.zip,https://www.virustotal.com/gui/file/a1acc8519c1ee39962654a99c42a203f566b23c802646810609d2698025dc23e,postman3.001.jar,,,,,45e8f21be4366f931ef22b2bbc4e44657822ea5ed832daded246e0172714230a,"type:jar name:""forge"" positives:5+",,11937082,11.94,2023-01-17 20:47:20,2,trojan.java,29
9122657889.zip,https://www.virustotal.com/gui/file/389459ce9e76f0fc5fb1588da93b80285c7832023b1fd2ffe4c8d10b4e110c35,quantumbase.rar,,,,,389459ce9e76f0fc5fb1588da93b80285c7832023b1fd2ffe4c8d10b4e110c35,"type:jar metadata:""minecraft"" positives:5+",,3395169,3.40,2023-01-18 21:01:41,1,java/banload,5
9105399771.zip,https://www.virustotal.com/gui/file/4423f7259172cfbfe3802c9dd59d9aa4a62152a83e623eac6fb3c0465debcc3c,C:\Users\user\AppData\Roaming\Allatori-Loader.jar,,,,,4423f7259172cfbfe3802c9dd59d9aa4a62152a83e623eac6fb3c0465debcc3c,"type:jar content:""forge"" positives:5+",,21092870,21.09,2023-01-18 22:48:31,3,trojan.shellcoderunner,29
9093299124.zip,https://www.virustotal.com/gui/file/fdef395c7419cbab47b023a64936e8dd7b9d576fec2c8647e93646ac125baa57,EnderVaults-Bukkit-v1.1.0.jar,,,,,fdef395c7419cbab47b023a64936e8dd7b9d576fec2c8647e93646ac125baa57,"type:jar name:""bukkit"" positives:5+",,1045646,1.05,2023-01-19 2:58:59,1,trojan.java/genericgba,8
9122657889.zip,https://www.virustotal.com/gui/file/7364bee665e7a22a3ddd20cb847cba4cfdd1365b90414a700730955225fa691f,quantumxddd.jar,,,,,7364bee665e7a22a3ddd20cb847cba4cfdd1365b90414a700730955225fa691f,"type:jar metadata:""minecraft"" positives:5+",,3406174,3.41,2023-01-19 21:01:59,2,trojan.java/banload,6
9106599335.zip,https://www.virustotal.com/gui/file/bd148dd7ca1a2117e5093300f4ae239e0a3953d5c2e5c2bbd291e4c2943d8a07,EAHack-0.4.3-release.jar,,,,Hack Tool,bd148dd7ca1a2117e5093300f4ae239e0a3953d5c2e5c2bbd291e4c2943d8a07,"type:jar metadata:""minecraft"" positives:5+",,2210420,2.21,2023-01-21 17:33:46,4,trojan.java/genericgba,14
9091578842.zip,https://www.virustotal.com/gui/file/d0156c234119e30305615e4a76f5db48dddf2f9498305d9a72f45b49c9e109e9,DouziFixReleaseV1.3.jar,,,,,d0156c234119e30305615e4a76f5db48dddf2f9498305d9a72f45b49c9e109e9,"type:jar content:""minecraft"" positives:5+",,5381786,5.38,2023-01-21 17:37:25,4,trojan.java/genericgba,14
9091578842.zip,https://www.virustotal.com/gui/file/f9d0f9579ed32df8f8e311694f8db40a23ac880857ead728d0776367bc833dfa,xflite-0.0.2-release.jar,,,,,f9d0f9579ed32df8f8e311694f8db40a23ac880857ead728d0776367bc833dfa,"type:jar content:""minecraft"" positives:5+",,8973576,8.97,2023-01-21 17:39:05,3,trojan.java/genericgba,14
9042140577.zip,https://www.virustotal.com/gui/file/0710fa76fcb9447b9934433227d9442e6136336370bd201c4a03ce9244316d52,MHack 0.1 Cracked Cuican.jar,,,,,0710fa76fcb9447b9934433227d9442e6136336370bd201c4a03ce9244316d52,"type:jar metadata:""minecraft"" positives:1+ (Filtered detection high to low)",,8317887,8.32,2023-01-21 17:43:57,2,trojan.java/genericgb,11
9122657889.zip,https://www.virustotal.com/gui/file/2594cfaa938cc1f8bd83e3bd3a0dda0e6acd8b9ffad3886efc0c9d694a394a3f,M Hack---Hacked By ZJY#1337.jar,,,,,2594cfaa938cc1f8bd83e3bd3a0dda0e6acd8b9ffad3886efc0c9d694a394a3f,"type:jar metadata:""minecraft"" positives:5+",,8317685,8.32,2023-01-22 0:21:21,3,trojan.java/genericgb,12
9091578842.zip,https://www.virustotal.com/gui/file/ef42f0fa3eeeedb58d4b62e3ecaa01b4b44210a5c694bd68fc40b3bde94430bc,surveyplus-spigot-2.9.6.jar,,,,,ef42f0fa3eeeedb58d4b62e3ecaa01b4b44210a5c694bd68fc40b3bde94430bc,"type:jar content:""minecraft"" positives:5+",,610259,0.61,2023-01-22 1:09:53,1,trojan.java/genericgba,10
9108779848.zip,https://www.virustotal.com/gui/file/ef42f0fa3eeeedb58d4b62e3ecaa01b4b44210a5c694bd68fc40b3bde94430bc,surveyplus-spigot-2.9.6.jar,,,,,ef42f0fa3eeeedb58d4b62e3ecaa01b4b44210a5c694bd68fc40b3bde94430bc,"type:jar name:""spigot"" positives:5+",,610259,0.61,2023-01-22 1:09:53,1,trojan.java/genericgba,10
9141886891.zip,https://www.virustotal.com/gui/file/6dabbfbc7bccbee913407b937a8286eed62f6e730849614d8cb8fe8d6c29e973,[DL]-UltraEconomy.jar,,,,,6dabbfbc7bccbee913407b937a8286eed62f6e730849614d8cb8fe8d6c29e973,"type:jar content:""spigot"" positives:5+",,1927712,1.93,2023-01-22 14:22:31,2,trojan.java/genericgba,10
9106599335.zip,https://www.virustotal.com/gui/file/4e34b0297b46db1c42467b4ad3f931ce8c0c0099e942c3c2c687f715c8c6651e,charon-0.7.1-release.jar,,,,,4e34b0297b46db1c42467b4ad3f931ce8c0c0099e942c3c2c687f715c8c6651e,"type:jar metadata:""minecraft"" positives:5+",,2609634,2.61,2023-01-26 6:50:42,1,trojan.java/genericgba,13
9106599335.zip,https://www.virustotal.com/gui/file/ba80d05568e4f9bd7ce5b65bd9cb3bdf3583ee02c1144fcead73a519a3868566,bypass-sleep-2.7.jar,,,,,ba80d05568e4f9bd7ce5b65bd9cb3bdf3583ee02c1144fcead73a519a3868566,"type:jar metadata:""minecraft"" positives:5+",,19470962,19.47,2023-01-26 18:30:38,1,trojan.vmprotect,6
9029756907.zip,https://www.virustotal.com/gui/file/37c818405bd2d7f9c157eaa28ce07772b5e9e7371162b9a73e220ff1966e3700,ItemsAdder_1.19.2_1.jar,,,,,37c818405bd2d7f9c157eaa28ce07772b5e9e7371162b9a73e220ff1966e3700,"type:jar metadata:""minecraft"" positives:1+ (Filtered detection high to low)",,8588995,8.59,2023-01-29 14:51:40,1,pua.graftor/gamehack,25
9029756907.zip,https://www.virustotal.com/gui/file/26c91e78d420c87b4fdaf42fb2aaa95b2634798eb1185093dded1dbb54f3f5b6,ItemsAdder_1.19.2_1.jar,,,,,26c91e78d420c87b4fdaf42fb2aaa95b2634798eb1185093dded1dbb54f3f5b6,"type:jar metadata:""minecraft"" positives:1+ (Filtered detection high to low)",,9071354,9.07,2023-01-29 14:54:12,1,pua.graftor/gamehack,26
9029756907.zip,https://www.virustotal.com/gui/file/8183563ce9f8d5038d7c968bd79981cab6c2d986ed08077e2e5fa313ba112168,ItemsAdder_1.19.2_1.jar,,,,,8183563ce9f8d5038d7c968bd79981cab6c2d986ed08077e2e5fa313ba112168,"type:jar metadata:""minecraft"" positives:1+ (Filtered detection high to low)",,15016654,15.02,2023-01-29 15:06:35,1,trojan.graftor/msil,36
9093509023.zip,https://www.virustotal.com/gui/file/38719e09dfbe20656bc877a47727fc3e2b189d0b097b54e449c9bf9302939172,gardenia-1.5.1.jar,,,,,38719e09dfbe20656bc877a47727fc3e2b189d0b097b54e449c9bf9302939172,"type:jar metadata:""minecraft"" positives:5+",,3111702,3.11,2023-01-30 3:06:52,5,trojan.java/disco,18
9029756907.zip,https://www.virustotal.com/gui/file/38719e09dfbe20656bc877a47727fc3e2b189d0b097b54e449c9bf9302939172,gardenia-1.5.1.jar,,,,,38719e09dfbe20656bc877a47727fc3e2b189d0b097b54e449c9bf9302939172,"type:jar metadata:""minecraft"" positives:1+ (Filtered detection high to low)",,3111702,3.11,2023-01-30 3:06:52,5,trojan.java/disco,18
9102699234.zip,https://www.virustotal.com/gui/file/c25a782f8b94fbfd50674f880b4e2a9b1908377c95dcbdb88c3b037ac5722b31,LunarPacksFix.jar,,,,,c25a782f8b94fbfd50674f880b4e2a9b1908377c95dcbdb88c3b037ac5722b31,"type:jar content:""fabric"" positives:5+",,3713013,3.71,2023-01-30 15:30:06,1,marte/shellcode,10
9093509023.zip,https://www.virustotal.com/gui/file/14b71395fec8653af1ff1a5308f3ccbd8cbd9ade5d438c409230bc312d080bb0,Lover-0.8.0.jar,,,,,14b71395fec8653af1ff1a5308f3ccbd8cbd9ade5d438c409230bc312d080bb0,"type:jar metadata:""minecraft"" positives:5+",,3883059,3.88,2023-02-03 3:50:02,2,trojan.java/genericgba,5
9093509023.zip,https://www.virustotal.com/gui/file/b1060f8c9c3c236e5258f1f7181976ed95d6f9a040650367958fccb23c594d54,Pride B42.jar,,,,,b1060f8c9c3c236e5258f1f7181976ed95d6f9a040650367958fccb23c594d54,"type:jar metadata:""minecraft"" positives:5+",,20688290,20.69,2023-02-03 4:31:23,2,java/expl,5
9141886891.zip,https://www.virustotal.com/gui/file/b852c2bd5cf3fc295c37fb06dc3ada9565e4294b93f95eed8e177ab1bb01cf24,C:\Users\user\AppData\Local\Temp\vegmibnd.e0e\KitPvP\plugins\UltraCustomizer.jar,,,https://www.spigotmc.org/resources/ultra-customizer.49330/,,b852c2bd5cf3fc295c37fb06dc3ada9565e4294b93f95eed8e177ab1bb01cf24,"type:jar content:""spigot"" positives:5+",,2029605,2.03,2023-02-03 22:13:34,1,trojan.java/genericgba,11
9113498380.zip,https://www.virustotal.com/gui/file/b670a18349f57f79efe21fd66f7260ec809f14039dc1802245e0e6627aa8ddff,nlogin-full.jarinjar,,,,,b670a18349f57f79efe21fd66f7260ec809f14039dc1802245e0e6627aa8ddff,"type:jar content:""bukkit"" positives:5+",,9239266,9.24,2023-02-04 21:54:26,1,trojan.java/genericgb,10
9113498380.zip,https://www.virustotal.com/gui/file/2689bb0d862f9eba89576ea5431f75d3ca91541bab4c0d0b20b1e33211508e60,nantibot-full.jarinjar,,,,,2689bb0d862f9eba89576ea5431f75d3ca91541bab4c0d0b20b1e33211508e60,"type:jar content:""bukkit"" positives:5+",,5335109,5.34,2023-02-04 22:26:58,1,trojan.java/genericgb,10
9113498380.zip,https://www.virustotal.com/gui/file/66429a3b7e73a202dddd4859b5529a427eee1e2c25cf574d2d3495aa029ef4ee,WorldGuard.jar,,,,,66429a3b7e73a202dddd4859b5529a427eee1e2c25cf574d2d3495aa029ef4ee,"type:jar content:""bukkit"" positives:5+",,7562267,7.56,2023-02-04 23:17:13,1,trojan.java/genericgb,19
9108469884.zip,https://www.virustotal.com/gui/file/2b5d94a712e28ba0990bb413c987f46469754702d2996750578ea8f699d39be9,battle-pass-3.14.6.jar,,,,Bukkit Mod,2b5d94a712e28ba0990bb413c987f46469754702d2996750578ea8f699d39be9,"type:jar content:""forge"" positives:5+",,804145,0.80,2023-02-05 8:13:57,1,trojan.genericgba/java,13
9108469884.zip,https://www.virustotal.com/gui/file/64d7f165997651cb943725d8ddc869595e206ef3a13a31a1d5d53d37e6b1c956,epiccraftingsplus-7_11_5_cracked.jar,,,https://www.spigotmc.org/resources/epiccraftingsplus-fully-configurable-craftings-1-8-1-19.39967/,Spigot Mod,64d7f165997651cb943725d8ddc869595e206ef3a13a31a1d5d53d37e6b1c956,"type:jar content:""forge"" positives:5+",,223190,0.22,2023-02-05 8:40:36,1,trojan.java/genericgba,8
9108469884.zip,https://www.virustotal.com/gui/file/e6c17a36ac0a77ff4debbcc2704bf36f007a6a02bffb69db12c5e6507b7f3f35,ChromaHud-3.0.jar,1.8.9,"Dec 25, 2019",https://sk1er.club/mods/ChromaHUD,Forge Mod,e6c17a36ac0a77ff4debbcc2704bf36f007a6a02bffb69db12c5e6507b7f3f35,"type:jar content:""forge"" positives:5+",,548110,0.55,2023-02-06 19:54:45,1,trojan.java/genericgba,12
9102699234.zip,https://www.virustotal.com/gui/file/ea3bb22031f8f4f07315feedc2550ae53555012fb23d46a7890d538d3dea332b,DoomsDay-loader.jar,,,,,ea3bb22031f8f4f07315feedc2550ae53555012fb23d46a7890d538d3dea332b,"type:jar content:""fabric"" positives:5+",,3696787,3.70,2023-02-07 8:34:15,8,marte/shellcode,10
9108469884.zip,https://www.virustotal.com/gui/file/47d3dad42062d99f10cd7ac4c3b680af4ee553f7e569b65f764f462482b19d23,battle-pass-3.14.7.jar,,,,Bukkit Mod,47d3dad42062d99f10cd7ac4c3b680af4ee553f7e569b65f764f462482b19d23,"type:jar content:""forge"" positives:5+",,804152,0.80,2023-02-09 7:04:01,1,trojan.genericgba/java,13
,,,,,,,,,Mean,15.044,MB,,5.507,,11.182
,,,,,,,,,Median,5.059,MB,,2,,9
,,,,,,,,,Max,128.110,MB,,160,,36
,,,,,,,,,Min,0.030,MB,,1,,2